cod_interno,titulo,precio_base_archivo,precio_lista_firestore,precio_mayorista_old,precio_mayorista_new,precio_negocio_old,precio_negocio_new,precio_persona_natural_old,precio_persona_natural_new,precio_nuevos_old,precio_nuevos_new,es_excepcion_KQ,estado
"ÑX907","Esmalte Tipo 1 1/4 Caoba",11765,11765,15295,15295,15883,15883,16471,16471,17059,17059,NO,sin_cambio_base
"ÑX300","Esmalte Tipo 1 1/4 Blanco",11765,11765,15295,15295,15883,15883,16471,16471,17059,17059,NO,sin_cambio_base
"ÑT500","Esmalte Tipo 1 Tambor Gris",1690000,1690000,2197000,2197000,2281500,2281500,2366000,2366000,2450500,2450500,NO,sin_cambio_base
"ÑG907","Esmalte Tipo 1 Galón Caoba",39916,39916,51891,51891,53887,53887,55882,55882,57878,57878,NO,sin_cambio_base
"ÑG700","Esmalte Tipo 1 Galón Naranja",39916,39916,51891,51891,53887,53887,55882,55882,57878,57878,NO,sin_cambio_base
"ÑG300","Esmalte Tipo 1 Galón Blanco",39916,39916,51891,51891,53887,53887,55882,55882,57878,57878,NO,sin_cambio_base
"ÑC300","Esmalte Tipo 1 Cuñete Blanco",191580,191580,249054,249054,258633,258633,268212,268212,277791,277791,NO,sin_cambio_base
"ZI","Disolvente Alquidico Anticorrosivo-Esmalte 1/2 Botella",2384.8,2385,3101,3100,3220,3219,3339,3339,3458,3458,NO,actualizado
"ZG","Disolvente Alquidico Anticorrosivo-Esmalte Galón",19230.8,19231,25000,25000,25962,25962,26923,26923,27885,27885,NO,actualizado
"ZF","Disolvente Alquidico Anticorrosivo-Esmalte Kilo",4000,4000,5200,5200,5400,5400,5600,5600,5800,5800,NO,sin_cambio_base
"ZE","Disolvente Alquidico Anticorrosivo-Esmalte Botella",4692.4,4692,6100,6100,6334,6335,6569,6569,6803,6804,NO,actualizado
"YW800","Super Tintilla 120 C.C. Violeta",22629.2,22629,29418,29418,30549,30549,31681,31681,32812,32812,NO,actualizado
"YW700","Super Tintilla 120 C.C. Naranja",8080,8080,10504,10504,10908,10908,11312,11312,11716,11716,NO,sin_cambio_base
"YW619","Super Tintilla 120 Cc Verde Tropical",8080,8080,10504,10504,10908,10908,11312,11312,11716,11716,NO,sin_cambio_base
"YW600","Super Tintilla 120 C.C. Verde",8080,8080,10504,10504,10908,10908,11312,11312,11716,11716,NO,sin_cambio_base
"YW400","Super Tintilla 120 C.C. Negro",8080,8080,10504,10504,10908,10908,11312,11312,11716,11716,NO,sin_cambio_base
"YW200","Super Tintilla 120 C.C. Rojo",8080,8080,10504,10504,10908,10908,11312,11312,11716,11716,NO,sin_cambio_base
"YW100","Super Tintilla 120 C.C. Azul",8080,8080,10504,10504,10908,10908,11312,11312,11716,11716,NO,sin_cambio_base
"YW06","Super Tintilla 120 C.C. Ocre",8080,8080,10504,10504,10908,10908,11312,11312,11716,11716,NO,sin_cambio_base
"YW04","Super Tintilla 120 C.C. Amarillo Oro",8080,8080,10504,10504,10908,10908,11312,11312,11716,11716,NO,sin_cambio_base
"YW01","Super Tintilla 120 C.C. Amarillo",8080,8080,10504,10504,10908,10908,11312,11312,11716,11716,NO,sin_cambio_base
"YL800","Super Tintilla 240 C.C. Violeta",41370.8,41371,53782,53782,55851,55851,57919,57919,59988,59988,NO,actualizado
"YL700","Super Tintilla 240 C.C. Naranja",13574.8,13575,17648,17647,18326,18326,19005,19005,19684,19683,NO,actualizado
"YL600","Super Tintilla 240 C.C. Verde",13574.8,13575,17648,17647,18326,18326,19005,19005,19684,19683,NO,actualizado
"YL400","Super Tintilla 240 C.C. Negro",13574.8,13575,17648,17647,18326,18326,19005,19005,19684,19683,NO,actualizado
"YL200","Super Tintilla 240 C.C. Rojo",13574.8,13575,17648,17647,18326,18326,19005,19005,19684,19683,NO,actualizado
"YL100","Super Tintilla 240 C.C. Azul",13574.8,13575,17648,17647,18326,18326,19005,19005,19684,19683,NO,actualizado
"YL06","Super Tintilla 240 C.C. Ocre",13574.8,13575,17648,17647,18326,18326,19005,19005,19684,19683,NO,actualizado
"YL01","Super Tintilla 240 C.C. Amarillo",13574.8,13575,17648,17647,18326,18326,19005,19005,19684,19683,NO,actualizado
"XZ","Estuco Plastico 1/8",2461.6,2462,3201,3200,3324,3323,3447,3446,3570,3569,NO,actualizado
"XX","Estuco Plastico 1/4",2823.2,2823,3670,3670,3811,3811,3952,3952,4093,4094,NO,actualizado
"XJ","Estuco Plastico 1/2 Galón",4314.88,4315,5610,5609,5825,5825,6041,6041,6257,6257,NO,actualizado
"XG1","Estuco Plastico Galón Sin Litografia",7061.81,7062,9181,9180,9534,9533,9887,9887,10240,10240,NO,actualizado
"XG","Estuco Plastico Galón",7730.8,7731,10050,10050,10437,10437,10823,10823,11210,11210,NO,actualizado
"XF","Estuco Plastico Kilo",1400,1400,1820,1820,1890,1890,1960,1960,2030,2030,NO,sin_cambio_base
"XC4.5","Estuco Plastico Cuñete 4.5 Galones",31639,31639,41131,41131,42713,42713,44295,44295,45877,45877,NO,sin_cambio_base
"XC1","Estuco Plastico Cuñete Sin Litografia",26286.9,26287,34173,34173,35487,35487,36802,36802,38116,38116,NO,actualizado
"XC","Estuco Plastico Cuñete 5 Gal",27692.4,27692,36000,36000,37384,37385,38769,38769,40153,40154,NO,actualizado
"XB1","Estuco Plastico 1/2 Cuñete Sin Litografia",15692.57,15693,20401,20400,21186,21185,21970,21970,22755,22754,NO,actualizado
"XB","Estuco Plastico 1/2 Cuñete",15600,15600,20280,20280,21060,21060,21840,21840,22620,22620,NO,sin_cambio_base
"XA","Estuco Plastico Caja",23658.4,23658,30755,30756,31938,31939,33121,33122,34304,34305,NO,actualizado
"WX600","Anticorrosivo 1/4 Verde Cromato Zinc",11088,11088,14414,14414,14969,14969,15523,15523,16078,16078,NO,sin_cambio_base
"WX200","Anticorrosivo 1/4  Rojo Cromato Zinc",10702,10702,13913,13913,14448,14448,14983,14983,15518,15518,NO,sin_cambio_base
"WG600","Anticorrosivo Galón Verde Cromato Zinc",35000,35000,45500,45500,47250,47250,49000,49000,50750,50750,NO,sin_cambio_base
"WG200","Anticorrosivo Galón Rojo Cromato Zinc",31923.2,31923,41500,41500,43096,43096,44692,44692,46288,46289,NO,actualizado
"VX802","Vinilo Tipo 1  Super Lavable   1/4 Lila",10769.2,10769,14000,14000,14538,14538,15077,15077,15615,15615,NO,actualizado
"VX800","Vinilo Tipo 1  Super Lavable   1/4 Violeta",10769.2,10769,14000,14000,14538,14538,15077,15077,15615,15615,NO,actualizado
"VX707","Vinilo Tipo 1  Super Lavable   1/4 Pomarosa",10769.2,10769,14000,14000,14538,14538,15077,15077,15615,15615,NO,actualizado
"VX706","Vinilo Tipo 1  Super Lavable   1/4 Palo De Rosa",10769.2,10769,14000,14000,14538,14538,15077,15077,15615,15615,NO,actualizado
"VX705","Vinilo Tipo 1  Super Lavable   1/4 Curuba",10769.2,10769,14000,14000,14538,14538,15077,15077,15615,15615,NO,actualizado
"VX703","Vinilo Tipo 1  Super Lavable   1/4 Mandarina Tropical",10769.2,10769,14000,14000,14538,14538,15077,15077,15615,15615,NO,actualizado
"VX700","Vinilo Tipo 1  Super Lavable   1/4 Naranja",10769.2,10769,14000,14000,14538,14538,15077,15077,15615,15615,NO,actualizado
"VX619","Vinilo Tipo 1  Super Lavable   1/4 Verde Tropical",10769.2,10769,14000,14000,14538,14538,15077,15077,15615,15615,NO,actualizado
"VX616","Vinilo Tipo 1  Super Lavable   1/4 Verde Navidad",10769.2,10769,14000,14000,14538,14538,15077,15077,15615,15615,NO,actualizado
"VX615","Vinilo Tipo 1  Super Lavable   1/4 Menta Fresca",10769.2,10769,14000,14000,14538,14538,15077,15077,15615,15615,NO,actualizado
"VX613","Vinilo Tipo 1  Super Lavable   1/4 Verde Turqueza",12787.34,12787,16623,16624,17262,17263,17902,17902,18541,18542,NO,actualizado
"VX611","Vinilo Tipo 1  Super Lavable   1/4 Verde Pìno",10769.2,10769,14000,14000,14538,14538,15077,15077,15615,15615,NO,actualizado
"VX603","Vinilo Tipo 1  Super Lavable   1/4 Verde Primaveral",10769.2,10769,14000,14000,14538,14538,15077,15077,15615,15615,NO,actualizado
"VX601","Vinilo Tipo 1  Super Lavable   1/4 Verde Oscuro",10769.2,10769,14000,14000,14538,14538,15077,15077,15615,15615,NO,actualizado
"VX501","Vinilo Tipo 1  Super Lavable   1/4 Gris Nube",10769.2,10769,14000,14000,14538,14538,15077,15077,15615,15615,NO,actualizado
"VX400","Vinilo Tipo 1  Super Lavable   1/4 Negro",10769.2,10769,14000,14000,14538,14538,15077,15077,15615,15615,NO,actualizado
"VX301","Vinilo Tipo 1  Super Lavable   1/4 Blanco Almendra",10769.2,10769,14000,14000,14538,14538,15077,15077,15615,15615,NO,actualizado
"VX300","Vinilo Tipo 1  Super Lavable   1/4 Blanco",10769.2,10769,14000,14000,14538,14538,15077,15077,15615,15615,NO,actualizado
"VX204","Vinilo Tipo 1  Super Lavable   1/4 Terracota",10769.2,10769,14000,14000,14538,14538,15077,15077,15615,15615,NO,actualizado
"VX201","Vinilo Tipo 1  Super Lavable   1/4 Rojo Colonial",10769.2,10769,14000,14000,14538,14538,15077,15077,15615,15615,NO,actualizado
"VX200","Vinilo  Tipo 1  Super Lavable   1/4 Rojo",10769.2,10769,14000,14000,14538,14538,15077,15077,15615,15615,NO,actualizado
"VX106","Vinilo Tipo 1  Super Lavable   1/4 Azul Cielo",10769.2,10769,14000,14000,14538,14538,15077,15077,15615,15615,NO,actualizado
"VX105","Vinilo Tipo 1  Super Lavable   1/4 Azul Porcelana",10769.2,10769,14000,14000,14538,14538,15077,15077,15615,15615,NO,actualizado
"VX100","Vinilo Tipo 1   Super Lavable  1/4 Azul",10769.2,10769,14000,14000,14538,14538,15077,15077,15615,15615,NO,actualizado
"VX06","Vinilo Tipo 1  Super Lavable   1/4 Ocre",10769.2,10769,14000,14000,14538,14538,15077,15077,15615,15615,NO,actualizado
"VX04","Vinilo Tipo 1  Super Lavable   1/4 Amarillo Oro",10769.2,10769,14000,14000,14538,14538,15077,15077,15615,15615,NO,actualizado
"VX01","Vinilo  Tipo 1  Super Lavable   1/4 Amarillo",12787.34,12787,16623,16624,17262,17263,17902,17902,18541,18542,NO,actualizado
"VT300","Vinilo Tipo 1 Super Lavable Tambor Blanco",1215385,1215385,1580001,1580001,1640770,1640770,1701539,1701539,1762308,1762308,NO,sin_cambio_base
"VK916","Vinicolor Acrílico 125 C.C  Cipres",1769.2,1769,2300,2300,2388,2388,2477,2477,2565,2565,NO,actualizado
"VK906","Vinicolor Acrílico 125 C.C  Castaño",1769.2,1769,2300,2300,2388,2388,2477,2477,2565,2565,NO,actualizado
"VK900","Vinicolor Acrílico 125 C.C Champaña",1769.2,1769,2300,2300,2388,2388,2477,2477,2565,2565,NO,actualizado
"VK803","Vinicolor Acrílico 125 C.C Uva",1769.2,1769,2300,2300,2388,2388,2477,2477,2565,2565,NO,actualizado
"VK802","Vinicolor Acrílico 125 C.C Lila",1769.2,1769,2300,2300,2388,2388,2477,2477,2565,2565,NO,actualizado
"VK801","Vinicolor Acrílico 125 C.C Morado",1769.2,1769,2300,2300,2388,2388,2477,2477,2565,2565,NO,actualizado
"VK800","Vinicolor Acrílico 125 C.C Violeta",1769.2,1769,2300,2300,2388,2388,2477,2477,2565,2565,NO,actualizado
"VK708","Vinicolor Acrílico 125 C.C Thai",1769.2,1769,2300,2300,2388,2388,2477,2477,2565,2565,NO,actualizado
"VK707","Vinicolor Acrílico 125 C.C Pomarosa",1769.2,1769,2300,2300,2388,2388,2477,2477,2565,2565,NO,actualizado
"VK706","Vinicolor Acrílico 125 C.C Palo De Rosa",1769.2,1769,2300,2300,2388,2388,2477,2477,2565,2565,NO,actualizado
"VK705","Vinicolor Acrílico 125 C.C Curuba",1769.2,1769,2300,2300,2388,2388,2477,2477,2565,2565,NO,actualizado
"VK704","Vinicolor Acrílico 125 C.C Melon",1769.2,1769,2300,2300,2388,2388,2477,2477,2565,2565,NO,actualizado
"VK703","Vinicolor Acrílico 125 C.C  Mandarina Tropical",1769.2,1769,2300,2300,2388,2388,2477,2477,2565,2565,NO,actualizado
"VK702","Vinicolor Acrílico 125 C.C Naranja Chic",1769.2,1769,2300,2300,2388,2388,2477,2477,2565,2565,NO,actualizado
"VK701","Vinicolor Acrílico 125 C.C Naranja Tropical",1769.2,1769,2300,2300,2388,2388,2477,2477,2565,2565,NO,actualizado
"VK700","Vinicolor Acrílico 125 C.C  Naranja",1769.2,1769,2300,2300,2388,2388,2477,2477,2565,2565,NO,actualizado
"VK619","Vinicolor Acrílico 125 C.C Verde Tropical",1769.2,1769,2300,2300,2388,2388,2477,2477,2565,2565,NO,actualizado
"VK617","Vinicolor Acrílico 125 C.C Verde Aceituna",1769.2,1769,2300,2300,2388,2388,2477,2477,2565,2565,NO,actualizado
"VK616","Vinicolor Acrílico 125 C.C Verde Navidad",1769.2,1769,2300,2300,2388,2388,2477,2477,2565,2565,NO,actualizado
"VK615","Vinicolor Acrílico 125 C.C Menta Fresca",1769.2,1769,2300,2300,2388,2388,2477,2477,2565,2565,NO,actualizado
"VK611","Vinicolor Acrílico 125 C.C Verde Pino",1769.2,1769,2300,2300,2388,2388,2477,2477,2565,2565,NO,actualizado
"VK609","Vinicolor Acrílico 125 C.C Verde Seda",1769.2,1769,2300,2300,2388,2388,2477,2477,2565,2565,NO,actualizado
"VK608","Vinicolor Acrílico 125 C.C Verde Agua",1769.2,1769,2300,2300,2388,2388,2477,2477,2565,2565,NO,actualizado
"VK607","Vinicolor Acrílico 125 C.C Verde Chartreuse",1769.2,1769,2300,2300,2388,2388,2477,2477,2565,2565,NO,actualizado
"VK606","Vinicolor Acrílico 125 C.C Verde Cariñoso",1769.2,1769,2300,2300,2388,2388,2477,2477,2565,2565,NO,actualizado
"VK605","Vinicolor Acrílico 125 C.C Verde Ensueño",1769.2,1769,2300,2300,2388,2388,2477,2477,2565,2565,NO,actualizado
"VK604","Vinicolor Acrílico 125 C.C Verde Jamaiquino",1769.2,1769,2300,2300,2388,2388,2477,2477,2565,2565,NO,actualizado
"VK603","Vinicolor Acrílico 125 C.C Verde Primaveral",1769.2,1769,2300,2300,2388,2388,2477,2477,2565,2565,NO,actualizado
"VK602","Vinicolor Acrílico 125 C.C Verde Claro",1769.2,1769,2300,2300,2388,2388,2477,2477,2565,2565,NO,actualizado
"VK601","Vinicolor Acrílico 125 C.C Verde Oscuro",1769.2,1769,2300,2300,2388,2388,2477,2477,2565,2565,NO,actualizado
"VK502","Vinicolor Acrílico 125 C.C Gris Basalto",1769.2,1769,2300,2300,2388,2388,2477,2477,2565,2565,NO,actualizado
"VK501","Vinicolor Acrílico 125 C.C Gris Nube",1769.2,1769,2300,2300,2388,2388,2477,2477,2565,2565,NO,actualizado
"VK400","Vinicolor Acrílico 125 C.C Negro",1769.2,1769,2300,2300,2388,2388,2477,2477,2565,2565,NO,actualizado
"VK304","Vinicolor Acrílico 125 C.C Crema",1769.2,1769,2300,2300,2388,2388,2477,2477,2565,2565,NO,actualizado
"VK303","Vinicolor Acrílico 125 C.C Blanco Hueso",1769.2,1769,2300,2300,2388,2388,2477,2477,2565,2565,NO,actualizado
"VK302","Vinicolor Acrílico 125 C.C Blanco Ostra",1769.2,1769,2300,2300,2388,2388,2477,2477,2565,2565,NO,actualizado
"VK301","Vinicolor Acrílico 125 C.C Blanco Almendra",1769.2,1769,2300,2300,2388,2388,2477,2477,2565,2565,NO,actualizado
"VK300","Vinicolor Acrílico 125 C.C Blanco",1769.2,1769,2300,2300,2388,2388,2477,2477,2565,2565,NO,actualizado
"VK208","Vinicolor Acrílico 125 C.C Rojo Emocion",1769.2,1769,2300,2300,2388,2388,2477,2477,2565,2565,NO,actualizado
"VK206","Vinicolor Acrílico 125 C.C Rosado",1769.2,1769,2300,2300,2388,2388,2477,2477,2565,2565,NO,actualizado
"VK204","Vinicolor Acrílico 125 C.C Terracota",1769.2,1769,2300,2300,2388,2388,2477,2477,2565,2565,NO,actualizado
"VK203","Vinicolor Acrílico 125 C.C Arrecife",1769.2,1769,2300,2300,2388,2388,2477,2477,2565,2565,NO,actualizado
"VK202","Vinicolor Acrílico 125 C.C Mora",1769.2,1769,2300,2300,2388,2388,2477,2477,2565,2565,NO,actualizado
"VK201","Vinicolor Acrílico 125 C.C  Rojo Colonial",1769.2,1769,2300,2300,2388,2388,2477,2477,2565,2565,NO,actualizado
"VK200","Vinicolor Acrílico 125 C.C Rojo",1769.2,1769,2300,2300,2388,2388,2477,2477,2565,2565,NO,actualizado
"VK12","Vinicolor Acrílico 125 C.C Amarillo Otoñal",1769.2,1769,2300,2300,2388,2388,2477,2477,2565,2565,NO,actualizado
"VK107","Vinicolor Acrílico 125 C.C Agua Marina",1769.2,1769,2300,2300,2388,2388,2477,2477,2565,2565,NO,actualizado
"VK106","Vinicolor Acrílico 125 C.C Azul Cielo",1769.2,1769,2300,2300,2388,2388,2477,2477,2565,2565,NO,actualizado
"VK105","Vinicolor Acrílico 125 C.C Azul Porcelana",1769.2,1769,2300,2300,2388,2388,2477,2477,2565,2565,NO,actualizado
"VK104","Vinicolor Acrílico 125 C.C Azul Celeste",1769.2,1769,2300,2300,2388,2388,2477,2477,2565,2565,NO,actualizado
"VK103","Vinicolor Acrílico 125 C.C Azul Nordico",1769.2,1769,2300,2300,2388,2388,2477,2477,2565,2565,NO,actualizado
"VK102","Vinicolor Acrílico 125 C.C  Azul Pacifico",1769.2,1769,2300,2300,2388,2388,2477,2477,2565,2565,NO,actualizado
"VK101","Vinicolor Acrílico 125 C.C Azul Milano",1769.2,1769,2300,2300,2388,2388,2477,2477,2565,2565,NO,actualizado
"VK100","Vinicolor Acrílico 125 C.C Azul",1769.2,1769,2300,2300,2388,2388,2477,2477,2565,2565,NO,actualizado
"VK07","Vinicolor Acrílico 125 C.C Trigo",1769.2,1769,2300,2300,2388,2388,2477,2477,2565,2565,NO,actualizado
"VK06","Vinicolor Acrílico 125 C.C Ocre",1769.2,1769,2300,2300,2388,2388,2477,2477,2565,2565,NO,actualizado
"VK05","Vinicolor Acrílico 125 C.C Camelia",1769.2,1769,2300,2300,2388,2388,2477,2477,2565,2565,NO,actualizado
"VK04","Vinicolor Acrílico 125 C.C Amarillo Oro",1769.2,1769,2300,2300,2388,2388,2477,2477,2565,2565,NO,actualizado
"VK03","Vinicolor Acrílico 125 C.C Amarillo Fusion",1769.2,1769,2300,2300,2388,2388,2477,2477,2565,2565,NO,actualizado
"VK01","Vinicolor Acrílico 125 C.C Amarillo",1769.2,1769,2300,2300,2388,2388,2477,2477,2565,2565,NO,actualizado
"VJ906","Vinilo  Super  1/2 Galón Naranaja Castaño",12665.54,12666,16466,16465,17099,17098,17732,17732,18366,18365,NO,actualizado
"VJ903","Vinilo  Super  1/2 Galón Naranaja Cipres",12665.54,12666,16466,16465,17099,17098,17732,17732,18366,18365,NO,actualizado
"VJ900","Vinilo  Super  1/2 Galón Champaña",12665.54,12666,16466,16465,17099,17098,17732,17732,18366,18365,NO,actualizado
"VJ803","Vinilo  Super  1/2 Galón Uva",12665.54,12666,16466,16465,17099,17098,17732,17732,18366,18365,NO,actualizado
"VJ802","Vinilo  Super  1/2 Galón Lila",12665.54,12666,16466,16465,17099,17098,17732,17732,18366,18365,NO,actualizado
"VJ801","Vinilo  Super  1/2 Galón Morado",12665.54,12666,16466,16465,17099,17098,17732,17732,18366,18365,NO,actualizado
"VJ800","Vinilo  Super  1/2 Galón Violeta",12665.54,12666,16466,16465,17099,17098,17732,17732,18366,18365,NO,actualizado
"VJ708","Vinilo  Super  1/2 Galón Thai",12665.54,12666,16466,16465,17099,17098,17732,17732,18366,18365,NO,actualizado
"VJ707","Vinilo  Super  1/2 Galón Pomarosa",12665.54,12666,16466,16465,17099,17098,17732,17732,18366,18365,NO,actualizado
"VJ706","Vinilo  Super  1/2 Galón Palo De Rosa",12665.54,12666,16466,16465,17099,17098,17732,17732,18366,18365,NO,actualizado
"VJ705","Vinilo  Super  1/2 Galón Curuba",12665.54,12666,16466,16465,17099,17098,17732,17732,18366,18365,NO,actualizado
"VJ704","Vinilo  Super  1/2 Galón Melon",12665.54,12666,16466,16465,17099,17098,17732,17732,18366,18365,NO,actualizado
"VJ703","Vinilo  Super  1/2 Galón Mandarina Tropical",12665.54,12666,16466,16465,17099,17098,17732,17732,18366,18365,NO,actualizado
"VJ702","Vinilo  Super  1/2 Galón Naranja Chic",12665.54,12666,16466,16465,17099,17098,17732,17732,18366,18365,NO,actualizado
"VJ701","Vinilo  Super  1/2 Galón Naranaja Tropical",12665.54,12666,16466,16465,17099,17098,17732,17732,18366,18365,NO,actualizado
"VJ700","Vinilo  Super  1/2 Galón Naranja",12665.54,12666,16466,16465,17099,17098,17732,17732,18366,18365,NO,actualizado
"VJ619","Vinilo  Super  1/2 Galón Verde Tropical",12665.54,12666,16466,16465,17099,17098,17732,17732,18366,18365,NO,actualizado
"VJ617","Vinilo  Super  1/2 Galón Verde Aceituna",12665.54,12666,16466,16465,17099,17098,17732,17732,18366,18365,NO,actualizado
"VJ616","Vinilo  Super  1/2 Galón Verde Navidad",12665.54,12666,16466,16465,17099,17098,17732,17732,18366,18365,NO,actualizado
"VJ615","Vinilo  Super  1/2 Galón Menta Fresca",12665.54,12666,16466,16465,17099,17098,17732,17732,18366,18365,NO,actualizado
"VJ611","Vinilo  Super  1/2 Galón Verde Pìno",12665.54,12666,16466,16465,17099,17098,17732,17732,18366,18365,NO,actualizado
"VJ610","Vinilo  Super  1/2 Galón Verde Manzana",12665.54,12666,16466,16465,17099,17098,17732,17732,18366,18365,NO,actualizado
"VJ609","Vinilo  Super  1/2 Galón Verde Seda",12665.54,12666,16466,16465,17099,17098,17732,17732,18366,18365,NO,actualizado
"VJ608","Vinilo  Super  1/2 Galón Verde Agua",12665.54,12666,16466,16465,17099,17098,17732,17732,18366,18365,NO,actualizado
"VJ607","Vinilo  Super  1/2 Galón Verde Chartreuse",12665.54,12666,16466,16465,17099,17098,17732,17732,18366,18365,NO,actualizado
"VJ606","Vinilo  Super  1/2 Galón Verde Cariñoso",12665.54,12666,16466,16465,17099,17098,17732,17732,18366,18365,NO,actualizado
"VJ605","Vinilo  Super  1/2 Galón Verde Ensueño",12665.54,12666,16466,16465,17099,17098,17732,17732,18366,18365,NO,actualizado
"VJ604","Vinilo  Super  1/2 Galón Verde Jaimaquino",12665.54,12666,16466,16465,17099,17098,17732,17732,18366,18365,NO,actualizado
"VJ603","Vinilo  Super  1/2 Galón Verde Primaveral",12665.54,12666,16466,16465,17099,17098,17732,17732,18366,18365,NO,actualizado
"VJ602","Vinilo  Super  1/2 Galón Verde Claro",12665.54,12666,16466,16465,17099,17098,17732,17732,18366,18365,NO,actualizado
"VJ601","Vinilo  Super  1/2 Galón Verde Oscuro",12665.54,12666,16466,16465,17099,17098,17732,17732,18366,18365,NO,actualizado
"VJ502","Vinilo  Super  1/2 Galón Gris Basalto",12665.54,12666,16466,16465,17099,17098,17732,17732,18366,18365,NO,actualizado
"VJ501","Vinilo  Super  1/2 Galón Gris Nube",12665.54,12666,16466,16465,17099,17098,17732,17732,18366,18365,NO,actualizado
"VJ400","Vinilo  Super  1/2 Galón Negro",12665.54,12666,16466,16465,17099,17098,17732,17732,18366,18365,NO,actualizado
"VJ304","Vinilo  Super  1/2 Galón Crema",12665.54,12666,16466,16465,17099,17098,17732,17732,18366,18365,NO,actualizado
"VJ303","Vinilo  Super  1/2 Galón Blanco Hueso",12665.54,12666,16466,16465,17099,17098,17732,17732,18366,18365,NO,actualizado
"VJ302","Vinilo  Super  1/2 Galón Blanco Ostra",12665.54,12666,16466,16465,17099,17098,17732,17732,18366,18365,NO,actualizado
"VJ301","Vinilo  Super  1/2 Galón Blanco Almendra",12665.54,12666,16466,16465,17099,17098,17732,17732,18366,18365,NO,actualizado
"VJ300","Vinilo  Super  1/2 Galón Blanco",12665.54,12666,16466,16465,17099,17098,17732,17732,18366,18365,NO,actualizado
"VJ208","Vinilo  Super  1/2 Galón Rojo Emociòn",12665.54,12666,16466,16465,17099,17098,17732,17732,18366,18365,NO,actualizado
"VJ204","Vinilo  Super  1/2 Galón Terracota",12665.54,12666,16466,16465,17099,17098,17732,17732,18366,18365,NO,actualizado
"VJ203","Vinilo  Super  1/2 Galón Arrecife",12665.54,12666,16466,16465,17099,17098,17732,17732,18366,18365,NO,actualizado
"VJ202","Vinilo  Super  1/2 Galón Mora",12665.54,12666,16466,16465,17099,17098,17732,17732,18366,18365,NO,actualizado
"VJ201","Vinilo  Super  1/2 Galón Rojacolonial",12665.54,12666,16466,16465,17099,17098,17732,17732,18366,18365,NO,actualizado
"VJ106","Vinilo  Super  1/2 Galón Azul Cielo",12665.54,12666,16466,16465,17099,17098,17732,17732,18366,18365,NO,actualizado
"VJ105","Vinilo  Super  1/2 Galón Azul Porcelana",12665.54,12666,16466,16465,17099,17098,17732,17732,18366,18365,NO,actualizado
"VJ104","Vinilo  Super  1/2 Galón Azul Celeste",12665.54,12666,16466,16465,17099,17098,17732,17732,18366,18365,NO,actualizado
"VJ103","Vinilo  Super  1/2 Galón Azul Nordico",12665.54,12666,16466,16465,17099,17098,17732,17732,18366,18365,NO,actualizado
"VJ102","Vinilo  Super  1/2 Galón Azul Pacifico",12665.54,12666,16466,16465,17099,17098,17732,17732,18366,18365,NO,actualizado
"VJ101","Vinilo  Super  1/2 Galón Azul Milano",12665.54,12666,16466,16465,17099,17098,17732,17732,18366,18365,NO,actualizado
"VJ100","Vinilo  Super  1/2 Galón Azul",12665.54,12666,16466,16465,17099,17098,17732,17732,18366,18365,NO,actualizado
"VJ08","Vinilo  Super  1/2 Galón Amarillo Otoñal",12665.54,12666,16466,16465,17099,17098,17732,17732,18366,18365,NO,actualizado
"VJ07","Vinilo  Super  1/2 Galón Trigo",12665.54,12666,16466,16465,17099,17098,17732,17732,18366,18365,NO,actualizado
"VJ06","Vinilo  Super  1/2 Galón Ocre",12665.54,12666,16466,16465,17099,17098,17732,17732,18366,18365,NO,actualizado
"VJ05","Vinilo  Super  1/2 Galón Camelia",12665.54,12666,16466,16465,17099,17098,17732,17732,18366,18365,NO,actualizado
"VJ04","Vinilo  Super  1/2 Galón Amarillo Oro",12665.54,12666,16466,16465,17099,17098,17732,17732,18366,18365,NO,actualizado
"VJ03","Vinilo  Super  1/2 Galón Amarillo Fusion",12665.54,12666,16466,16465,17099,17098,17732,17732,18366,18365,NO,actualizado
"VG914","Vinilo Tipo 1 Super Lavable Galón Taupe Sw7038",26631.6,26632,34622,34621,35953,35953,37285,37284,38616,38616,NO,actualizado
"VG906","Vinilo Tipo 1  Super Lavable   Galón Castaño",26631.6,26632,34622,34621,35953,35953,37285,37284,38616,38616,NO,actualizado
"VG903","Vinilo Tipo 1  Super Lavable   Galón Cipres",39651,39651,51546,51546,53529,53529,55511,55511,57494,57494,NO,sin_cambio_base
"VG900","Vinilo Tipo 1  Super Lavable   Galón Champaña",26631.6,26632,34622,34621,35953,35953,37285,37284,38616,38616,NO,actualizado
"VG803","Vinilo Tipo 1  Super Lavable   Galón Uva",39651,39651,51546,51546,53529,53529,55511,55511,57494,57494,NO,sin_cambio_base
"VG802","Vinilo Tipo 1  Super Lavable   Galón Lila",39651,39651,51546,51546,53529,53529,55511,55511,57494,57494,NO,sin_cambio_base
"VG801","Vinilo Tipo 1  Super Lavable   Galón Morado",26631.6,26632,34622,34621,35953,35953,37285,37284,38616,38616,NO,actualizado
"VG800","Vinilo Tipo 1  Super Lavable   Galón Violeta",26631.6,26632,34622,34621,35953,35953,37285,37284,38616,38616,NO,actualizado
"VG710","Vinilo Tipo 1  Super Lavable Galón Naranja Fiesta Otoñal",26631.6,26632,34622,34621,35953,35953,37285,37284,38616,38616,NO,actualizado
"VG708","Vinilo Tipo 1  Super Lavable   Galón Thai",26631.6,26632,34622,34621,35953,35953,37285,37284,38616,38616,NO,actualizado
"VG707","Vinilo Tipo 1  Super Lavable   Galón Pomarosa",26631.6,26632,34622,34621,35953,35953,37285,37284,38616,38616,NO,actualizado
"VG706","Vinilo Tipo 1  Super Lavable   Galón Palo De Rosa",39651,39651,51546,51546,53529,53529,55511,55511,57494,57494,NO,sin_cambio_base
"VG705","Vinilo Tipo 1  Super Lavable   Galón Curuba",26631.6,26632,34622,34621,35953,35953,37285,37284,38616,38616,NO,actualizado
"VG704","Vinilo Tipo 1  Super Lavable   Galón Melon",39651,39651,51546,51546,53529,53529,55511,55511,57494,57494,NO,sin_cambio_base
"VG703","Vinilo Tipo 1  Super Lavable   Galón Mandarina Tropical",26631.6,26632,34622,34621,35953,35953,37285,37284,38616,38616,NO,actualizado
"VG702","Vinilo Tipo 1  Super Lavable   Galón Naranja Chic",26631.6,26632,34622,34621,35953,35953,37285,37284,38616,38616,NO,actualizado
"VG701","Vinilo Tipo 1  Super Lavable   Galón Naranaja Tropical",39651,39651,51546,51546,53529,53529,55511,55511,57494,57494,NO,sin_cambio_base
"VG700","Vinilo Tipo 1  Super Lavable   Galón Naranja",26631.6,26632,34622,34621,35953,35953,37285,37284,38616,38616,NO,actualizado
"VG619","Vinilo Tipo 1  Super Lavable   Galón Verde Tropical",26631.6,26632,34622,34621,35953,35953,37285,37284,38616,38616,NO,actualizado
"VG617","Vinilo Tipo 1  Super Lavable   Galón Verde Aceituna",39651,39651,51546,51546,53529,53529,55511,55511,57494,57494,NO,sin_cambio_base
"VG616","Vinilo Tipo 1  Super Lavable   Galón Verde Navidad",26631.6,26632,34622,34621,35953,35953,37285,37284,38616,38616,NO,actualizado
"VG615","Vinilo Tipo 1  Super Lavable   Galón Menta Fresca",39651,39651,51546,51546,53529,53529,55511,55511,57494,57494,NO,sin_cambio_base
"VG613","Vinilo Tipo 1  Super Lavable   Galón Verde Turqueza",46368,46368,60278,60278,62597,62597,64915,64915,67234,67234,NO,sin_cambio_base
"VG611","Vinilo Tipo 1  Super Lavable   Galón Verde Pìno",26631.6,26632,34622,34621,35953,35953,37285,37284,38616,38616,NO,actualizado
"VG610","Vinilo Tipo 1  Super Lavable   Galón Verde Manzana",26631.6,26632,34622,34621,35953,35953,37285,37284,38616,38616,NO,actualizado
"VG609","Vinilo Tipo 1  Super Lavable   Galón Verde Seda",39651,39651,51546,51546,53529,53529,55511,55511,57494,57494,NO,sin_cambio_base
"VG608","Vinilo Tipo 1  Super Lavable   Galón Verde Agua",39651,39651,51546,51546,53529,53529,55511,55511,57494,57494,NO,sin_cambio_base
"VG607","Vinilo Tipo 1  Super Lavable   Galón Verde Chartreuse",26631.6,26632,34622,34621,35953,35953,37285,37284,38616,38616,NO,actualizado
"VG606","Vinilo Tipo 1  Super Lavable   Galón Verde Cariñoso",26631.6,26632,34622,34621,35953,35953,37285,37284,38616,38616,NO,actualizado
"VG605","Vinilo Tipo 1  Super Lavable   Galón Verde Ensueño",26631.6,26632,34622,34621,35953,35953,37285,37284,38616,38616,NO,actualizado
"VG604","Vinilo Tipo 1  Super Lavable   Galón Verde Jaimaquino",39651,39651,51546,51546,53529,53529,55511,55511,57494,57494,NO,sin_cambio_base
"VG603","Vinilo Tipo 1  Super Lavable   Galón Verde Primaveral",26631.6,26632,34622,34621,35953,35953,37285,37284,38616,38616,NO,actualizado
"VG602","Vinilo Tipo 1  Super Lavable   Galón Verde Claro",39651,39651,51546,51546,53529,53529,55511,55511,57494,57494,NO,sin_cambio_base
"VG601","Vinilo Tipo 1  Super Lavable   Galón Verde Oscuro",26631.6,26632,34622,34621,35953,35953,37285,37284,38616,38616,NO,actualizado
"VG511","Vinilo Tipo 1  Super Lavable Galón Gris Bajo Cero",26631.6,26632,34622,34621,35953,35953,37285,37284,38616,38616,NO,actualizado
"VG510","Vinilo Tipo 1  Super Lavable Galón Gris Versalles",26631.6,26632,34622,34621,35953,35953,37285,37284,38616,38616,NO,actualizado
"VG508","Vinilo Tipo 1 Super Lavable Galón Vc6002 Essential Gray",26631.6,26632,34622,34621,35953,35953,37285,37284,38616,38616,NO,actualizado
"VG502","Vinilo Tipo 1  Super Lavable   Galón Gris Basalto",26631.6,26632,34622,34621,35953,35953,37285,37284,38616,38616,NO,actualizado
"VG501","Vinilo Tipo 1  Super Lavable   Galón Gris Nube",26631.6,26632,34622,34621,35953,35953,37285,37284,38616,38616,NO,actualizado
"VG400","Vinilo Tipo 1  Super Lavable   Galón Negro",26631.6,26632,34622,34621,35953,35953,37285,37284,38616,38616,NO,actualizado
"VG308","Vinilo Tipo 1 Super Lavable Galón Blanco Arena",26631.6,26632,34622,34621,35953,35953,37285,37284,38616,38616,NO,actualizado
"VG304","Vinilo Tipo 1  Super Lavable   Galón Crema",26631.6,26632,34622,34621,35953,35953,37285,37284,38616,38616,NO,actualizado
"VG303","Vinilo Tipo 1  Super Lavable   Galón Blanco Hueso",26631.6,26632,34622,34621,35953,35953,37285,37284,38616,38616,NO,actualizado
"VG302","Vinilo Tipo 1  Super Lavable   Galón Blanco Ostra",26631.6,26632,34622,34621,35953,35953,37285,37284,38616,38616,NO,actualizado
"VG301","Vinilo Tipo 1  Super Lavable   Galón Blanco Almendra",26631.6,26632,34622,34621,35953,35953,37285,37284,38616,38616,NO,actualizado
"VG300","Vinilo Tipo 1  Super Lavable   Galón Blanco",26631.6,26632,34622,34621,35953,35953,37285,37284,38616,38616,NO,actualizado
"VG215","Vinilo Tipo 1  Super Lavable Galón Vestidos De Flores",26631.6,26632,34622,34621,35953,35953,37285,37284,38616,38616,NO,actualizado
"VG208","Vinilo Tipo 1  Super Lavable   Galón Rojo Emociòn",26631.6,26632,34622,34621,35953,35953,37285,37284,38616,38616,NO,actualizado
"VG206","Vinilo Tipo 1  Super Lavable   Galón Rosado",46368,46368,60278,60278,62597,62597,64915,64915,67234,67234,NO,sin_cambio_base
"VG205","Vinilo  Super  Galón Fucsia",46368,46368,60278,60278,62597,62597,64915,64915,67234,67234,NO,sin_cambio_base
"VG204","Vinilo Tipo 1  Super Lavable   Galón Terracota",26631.6,26632,34622,34621,35953,35953,37285,37284,38616,38616,NO,actualizado
"VG203","Vinilo Tipo 1  Super Lavable   Galón Arrecife",26631.6,26632,34622,34621,35953,35953,37285,37284,38616,38616,NO,actualizado
"VG202","Vinilo Tipo 1  Super Lavable   Galón Mora",26631.6,26632,34622,34621,35953,35953,37285,37284,38616,38616,NO,actualizado
"VG201","Vinilo Tipo 1  Super Lavable   Galón Rojo Colonial",26631.6,26632,34622,34621,35953,35953,37285,37284,38616,38616,NO,actualizado
"VG200","Vinilo Tipo 1  Super Lavable   Galón Rojo",26631.6,26632,34622,34621,35953,35953,37285,37284,38616,38616,NO,actualizado
"VG107","Vinilo Tipo 1  Super Lavable   Galón Agua Marina",26631.6,26632,34622,34621,35953,35953,37285,37284,38616,38616,NO,actualizado
"VG106","Vinilo Tipo 1  Super Lavable   Galón Azul Cielo",26631.6,26632,34622,34621,35953,35953,37285,37284,38616,38616,NO,actualizado
"VG105","Vinilo Tipo 1  Super Lavable   Galón Azul Porcelana",39651,39651,51546,51546,53529,53529,55511,55511,57494,57494,NO,sin_cambio_base
"VG104","Vinilo Tipo 1  Super Lavable   Galón Azul Celeste",39651,39651,51546,51546,53529,53529,55511,55511,57494,57494,NO,sin_cambio_base
"VG103","Vinilo Tipo 1  Super Lavable   Galón Azul Nordico",26631.6,26632,34622,34621,35953,35953,37285,37284,38616,38616,NO,actualizado
"VG102","Vinilo Tipo 1  Super Lavable   Galón Azul Pacifico",26631.6,26632,34622,34621,35953,35953,37285,37284,38616,38616,NO,actualizado
"VG101","Vinilo  Tipo 1  Super Lavable   Galón Azul Milano",26631.6,26632,34622,34621,35953,35953,37285,37284,38616,38616,NO,actualizado
"VG100","Vinilo Tipo 1  Super Lavable   Galón Azul",26631.6,26632,34622,34621,35953,35953,37285,37284,38616,38616,NO,actualizado
"VG08","Vinilo Tipo 1  Super Lavable   Galón Amarillo Otoñal",39651,39651,51546,51546,53529,53529,55511,55511,57494,57494,NO,sin_cambio_base
"VG07","Vinilo Tipo 1  Super Lavable   Galón Trigo",26631.6,26632,34622,34621,35953,35953,37285,37284,38616,38616,NO,actualizado
"VG06","Vinilo Tipo 1  Super Lavable   Galón Ocre",26631.6,26632,34622,34621,35953,35953,37285,37284,38616,38616,NO,actualizado
"VG05","Vinilo Tipo 1  Super Lavable   Galón Camelia",39651,39651,51546,51546,53529,53529,55511,55511,57494,57494,NO,sin_cambio_base
"VG04","Vinilo Tipo 1  Super Lavable   Galón Amarillo Oro",26631.6,26632,34622,34621,35953,35953,37285,37284,38616,38616,NO,actualizado
"VG03","Vinilo Tipo 1  Super Lavable   Galón Amarillo Fusion",39651,39651,51546,51546,53529,53529,55511,55511,57494,57494,NO,sin_cambio_base
"VG01","Vinilo Tipo 1  Super Lavable   Galón Amarillo",26631.6,26632,34622,34621,35953,35953,37285,37284,38616,38616,NO,actualizado
"VEX200","Vinilo  Super  1/4 Rojo",9912.7,9913,12887,12887,13383,13382,13878,13878,14374,14373,NO,actualizado
"VEX100","Vinilo  Super  1/4 Azul",9912.7,9913,12887,12887,13383,13382,13878,13878,14374,14373,NO,actualizado
"VEX01","Vinilo  Super  1/4 Amarillo",9912.7,9913,12887,12887,13383,13382,13878,13878,14374,14373,NO,actualizado
"VC914","Vinilo Tipo 1 Super Lavable Cuñete Taupe Sw7038",243180,243180,316134,316134,328293,328293,340452,340452,352611,352611,NO,sin_cambio_base
"VC906","Vinilo Tipo 1  Super Lavable   Cuñete Castaño",186360,186360,242268,242268,251586,251586,260904,260904,270222,270222,NO,sin_cambio_base
"VC904","Vinilo Tipo 1  Super Lavable   Cuñete Tabaco",210000,210000,273000,273000,283500,283500,294000,294000,304500,304500,NO,sin_cambio_base
"VC903","Vinilo Tipo 1  Super Lavable   Cuñete Cipres",186360,186360,242268,242268,251586,251586,260904,260904,270222,270222,NO,sin_cambio_base
"VC900","Vinilo Tipo 1  Super Lavable Cuñete Champaña",133160.8,133161,173109,173109,179767,179767,186425,186425,193083,193083,NO,actualizado
"VC803","Vinilo Tipo 1  Super Lavable Cuñete Uva",133160.8,133161,173109,173109,179767,179767,186425,186425,193083,193083,NO,actualizado
"VC802","Vinilo Tipo 1  Super Lavable Cuñete  Lila",133160.8,133161,173109,173109,179767,179767,186425,186425,193083,193083,NO,actualizado
"VC801","Vinilo Tipo 1  Super Lavable Cuñete Morado",133160.8,133161,173109,173109,179767,179767,186425,186425,193083,193083,NO,actualizado
"VC800","Vinilo Tipo 1  Super Lavable   Cuñete Violeta",186360,186360,242268,242268,251586,251586,260904,260904,270222,270222,NO,sin_cambio_base
"VC710","Vinilo Tipo 1  Super Lavable Cuñete Naranja Fiesta Otoñal",133160.8,133161,173109,173109,179767,179767,186425,186425,193083,193083,NO,actualizado
"VC708","Vinilo Tipo 1  Super Lavable   Cuñete Thai",186360,186360,242268,242268,251586,251586,260904,260904,270222,270222,NO,sin_cambio_base
"VC707","Vinilo Tipo 1  Super Lavable Cuñete Pomarosa",133160.8,133161,173109,173109,179767,179767,186425,186425,193083,193083,NO,actualizado
"VC706","Vinilo Tipo 1  Super Lavable   Cuñete Palo De Rosa",133160.8,133161,173109,173109,179767,179767,186425,186425,193083,193083,NO,actualizado
"VC705","Vinilo Tipo 1  Super Lavable Cuñete Curuba",133160.8,133161,173109,173109,179767,179767,186425,186425,193083,193083,NO,actualizado
"VC704","Vinilo Tipo 1  Super Lavable Cuñete Melon",133160.8,133161,173109,173109,179767,179767,186425,186425,193083,193083,NO,actualizado
"VC703","Vinilo Tipo 1  Super Lavable Cuñete Mandarina Tropical",133160.8,133161,173109,173109,179767,179767,186425,186425,193083,193083,NO,actualizado
"VC702","Vinilo Tipo 1  Super Lavable   Cuñete Naranja Chic",186360,186360,242268,242268,251586,251586,260904,260904,270222,270222,NO,sin_cambio_base
"VC701","Vinilo Tipo 1  Super Lavable Cuñete Naranaja Tropical",133160.8,133161,173109,173109,179767,179767,186425,186425,193083,193083,NO,actualizado
"VC700","Vinilo Tipo 1  Super Lavable Cuñete Naranja",133160.8,133161,173109,173109,179767,179767,186425,186425,193083,193083,NO,actualizado
"VC619","Vinilo Tipo 1  Super Lavable Cuñete Verde Tropical",133160.8,133161,173109,173109,179767,179767,186425,186425,193083,193083,NO,actualizado
"VC617","Vinilo Tipo 1  Super Lavable Cuñete Verde Aceituna",133160.8,133161,173109,173109,179767,179767,186425,186425,193083,193083,NO,actualizado
"VC616","Vinilo Tipo 1  Super Lavable   Cuñete Verde Navidad",186360,186360,242268,242268,251586,251586,260904,260904,270222,270222,NO,sin_cambio_base
"VC615","Vinilo Tipo 1  Super Lavable Cuñete Menta Fresca",133160.8,133161,173109,173109,179767,179767,186425,186425,193083,193083,NO,actualizado
"VC613","Vinilo Tipo 1  Super Lavable   Cuñete Verde Turqueza",210000,210000,273000,273000,283500,283500,294000,294000,304500,304500,NO,sin_cambio_base
"VC611","Vinilo Tipo 1  Super Lavable Cuñete Verde Pìno",133160.8,133161,173109,173109,179767,179767,186425,186425,193083,193083,NO,actualizado
"VC610","Vinilo Tipo 1  Super Lavable Cuñete Verde Manzana",133160.8,133161,173109,173109,179767,179767,186425,186425,193083,193083,NO,actualizado
"VC609","Vinilo Tipo 1  Super Lavable Cuñete Verde Seda",133160.8,133161,173109,173109,179767,179767,186425,186425,193083,193083,NO,actualizado
"VC608","Vinilo Tipo 1  Super Lavable   Cuñete Verde Agua",186360,186360,242268,242268,251586,251586,260904,260904,270222,270222,NO,sin_cambio_base
"VC607","Vinilo Tipo 1  Super Lavable Cuñete Verde Chartreuse",133160.8,133161,173109,173109,179767,179767,186425,186425,193083,193083,NO,actualizado
"VC606","Vinilo Tipo 1  Super Lavable   Cuñete Verde Cariñoso",133160.8,133161,173109,173109,179767,179767,186425,186425,193083,193083,NO,actualizado
"VC605","Vinilo Tipo 1  Super Lavable Cuñete Verde Ensueño",133160.8,133161,173109,173109,179767,179767,186425,186425,193083,193083,NO,actualizado
"VC604","Vinilo Tipo 1  Super Lavable   Cuñete Verde Jaimaquino",186360,186360,242268,242268,251586,251586,260904,260904,270222,270222,NO,sin_cambio_base
"VC603","Vinilo Tipo 1  Super Lavable Cuñete Verde Primaveral",133160.8,133161,173109,173109,179767,179767,186425,186425,193083,193083,NO,actualizado
"VC602","Vinilo Tipo 1  Super Lavable Cuñete Verde Claro",133160.8,133161,173109,173109,179767,179767,186425,186425,193083,193083,NO,actualizado
"VC601","Vinilo Tipo 1  Super Lavable Cuñete Verde Oscuro",133160.8,133161,173109,173109,179767,179767,186425,186425,193083,193083,NO,actualizado
"VC513","Vinilo Tipo 1 Super Lavable Cuñete Gris Sidon",133160.8,133161,173109,173109,179767,179767,186425,186425,193083,193083,NO,actualizado
"VC511","Vinilo Tipo 1  Super Lavable Cuñete Gris Bajo Cero",133160.8,133161,173109,173109,179767,179767,186425,186425,193083,193083,NO,actualizado
"VC510","Vinilo Tipo 1  Super Lavable Cuñete Gris Versalles",133160.8,133161,173109,173109,179767,179767,186425,186425,193083,193083,NO,actualizado
"VC509","Vinilo Tipo 1 Super Lavable Cuñete Gris Negrusco",133160.8,133161,173109,173109,179767,179767,186425,186425,193083,193083,NO,actualizado
"VC508","Vinilo Tipo 1 Super Lavable Cuñete Vc6002 Essential Gray",243180,243180,316134,316134,328293,328293,340452,340452,352611,352611,NO,sin_cambio_base
"VC502","Vinilo Tipo 1  Super Lavable Cuñete Gris Basalto",133160.8,133161,173109,173109,179767,179767,186425,186425,193083,193083,NO,actualizado
"VC501","Vinilo Tipo 1  Super Lavable Cuñete Gris Nube",133160.8,133161,173109,173109,179767,179767,186425,186425,193083,193083,NO,actualizado
"VC400","Vinilo Tipo 1  Super Lavable Cuñete Negro",133160.8,133161,173109,173109,179767,179767,186425,186425,193083,193083,NO,actualizado
"VC308","Vinilo Tipo 1  Super Lavable Cuñete Blanco Arena",133160.8,133161,173109,173109,179767,179767,186425,186425,193083,193083,NO,actualizado
"VC307","Vinilo Tipo 1 Super Lavable Cuñete Blanco Luna",133160.8,133161,173109,173109,179767,179767,186425,186425,193083,193083,NO,actualizado
"VC304","Vinilo Tipo 1  Super Lavable Cuñete Crema",133160.8,133161,173109,173109,179767,179767,186425,186425,193083,193083,NO,actualizado
"VC303","Vinilo Tipo 1  Super Lavable Cuñete Blanco Hueso",133160.8,133161,173109,173109,179767,179767,186425,186425,193083,193083,NO,actualizado
"VC302","Vinilo Tipo 1  Super Lavable Cuñete Blanco Ostra",133160.8,133161,173109,173109,179767,179767,186425,186425,193083,193083,NO,actualizado
"VC301","Vinilo Tipo 1  Super Lavable  Cuñete Blanco Almendra",133160.8,133161,173109,173109,179767,179767,186425,186425,193083,193083,NO,actualizado
"VC300","Vinilo Tipo 1  Super Lavable Cuñete Blanco",133160.8,133161,173109,173109,179767,179767,186425,186425,193083,193083,NO,actualizado
"VC215","Vinilo Tipo 1  Super Lavable Cuñete Vestido De Flores",133160.8,133161,173109,173109,179767,179767,186425,186425,193083,193083,NO,actualizado
"VC208","Vinilo Tipo 1  Super Lavable Cuñete Rojo Emociòn",133160.8,133161,173109,173109,179767,179767,186425,186425,193083,193083,NO,actualizado
"VC206","Vinilo Tipo 1  Super Lavable   Cuñete Rosado",210000,210000,273000,273000,283500,283500,294000,294000,304500,304500,NO,sin_cambio_base
"VC204","Vinilo Tipo 1  Super Lavable Cuñete Terracota",133160.8,133161,173109,173109,179767,179767,186425,186425,193083,193083,NO,actualizado
"VC203","Vinilo Tipo 1  Super Lavable   Cuñete Arrecife",186360,186360,242268,242268,251586,251586,260904,260904,270222,270222,NO,sin_cambio_base
"VC202","Vinilo Tipo 1  Super Lavable   Cuñete Mora",186360,186360,242268,242268,251586,251586,260904,260904,270222,270222,NO,sin_cambio_base
"VC201","Vinilo Tipo 1  Super Lavable Cuñete Rojo Colonial",133160.8,133161,173109,173109,179767,179767,186425,186425,193083,193083,NO,actualizado
"VC200","Vinilo Tipo 1  Super Lavable Cuñete Rojo",133160.8,133161,173109,173109,179767,179767,186425,186425,193083,193083,NO,actualizado
"VC12","Vinilo Tipo 1  Super Lavable Cuñete Amarillo Otoñal",133160.8,133161,173109,173109,179767,179767,186425,186425,193083,193083,NO,actualizado
"VC107","Vinilo Tipo 1  Super Lavable Cuñete Agua Marina",133160.8,133161,173109,173109,179767,179767,186425,186425,193083,193083,NO,actualizado
"VC106","Vinilo Tipo 1  Super Lavable Cuñete Azul Cielo",133160.8,133161,173109,173109,179767,179767,186425,186425,193083,193083,NO,actualizado
"VC105","Vinilo Tipo 1  Super Lavable   Cuñete Azul Porcelana",186360,186360,242268,242268,251586,251586,260904,260904,270222,270222,NO,sin_cambio_base
"VC104","Vinilo Tipo 1  Super Lavable   Cuñete Azul Celeste",133160.8,133161,173109,173109,179767,179767,186425,186425,193083,193083,NO,actualizado
"VC103","Vinilo Tipo 1  Super Lavable Cuñete Azul Nordico",133160.8,133161,173109,173109,179767,179767,186425,186425,193083,193083,NO,actualizado
"VC102","Vinilo Tipo 1  Super Lavable Cuñete Azul Pacifico",133160.8,133161,173109,173109,179767,179767,186425,186425,193083,193083,NO,actualizado
"VC101","Vinilo Tipo 1 Super Lavable Cuñete Azul Milano",133160.8,133161,173109,173109,179767,179767,186425,186425,193083,193083,NO,actualizado
"VC100","Vinilo Tipo 1  Super Lavable Cuñete Azul",133160.8,133161,173109,173109,179767,179767,186425,186425,193083,193083,NO,actualizado
"VC07","Vinilo Tipo 1  Super Lavable   Cuñete Trigo",133160.8,133161,173109,173109,179767,179767,186425,186425,193083,193083,NO,actualizado
"VC06","Vinilo Tipo 1  Super Lavable Cuñete Ocre",133160.8,133161,173109,173109,179767,179767,186425,186425,193083,193083,NO,actualizado
"VC05","Vinilo Tipo 1  Super Lavable   Cuñete Camelia",133160.8,133161,173109,173109,179767,179767,186425,186425,193083,193083,NO,actualizado
"VC04","Vinilo Tipo 1  Super Lavable Cuñete Amarillo Oro",133160.8,133161,173109,173109,179767,179767,186425,186425,193083,193083,NO,actualizado
"VC03","Vinilo Tipo 1 Super Lavable Cuñete Amarillo Fusion",133160.8,133161,173109,173109,179767,179767,186425,186425,193083,193083,NO,actualizado
"VC01","Vinilo Tipo 1 Super Lavable Cuñete Amarillo",133160.8,133161,173109,173109,179767,179767,186425,186425,193083,193083,NO,actualizado
"VB914","Vinilo Tipo 1 Super Lavable 1/2 Cuñete Taupe Sw7038",69909.2,69909,90882,90882,94377,94377,97873,97873,101368,101368,NO,actualizado
"VB906","Vinilo Tipo 1  Super Lavable   1/2 Cuñete Castaño",99128,99128,128866,128866,133823,133823,138779,138779,143736,143736,NO,sin_cambio_base
"VB903","Vinilo Tipo 1  Super Lavable   1/2 Cuñete  Cipres",99128,99128,128866,128866,133823,133823,138779,138779,143736,143736,NO,sin_cambio_base
"VB900","Vinilo Tipo 1  Super Lavable 1/2 Cuñete Champaña",69909.2,69909,90882,90882,94377,94377,97873,97873,101368,101368,NO,actualizado
"VB803","Vinilo Tipo 1  Super Lavable   1/2 Cuñete Uva",99128,99128,128866,128866,133823,133823,138779,138779,143736,143736,NO,sin_cambio_base
"VB802","Vinilo Tipo 1  Super Lavable 1/2 Cuñete  Lila",69909.2,69909,90882,90882,94377,94377,97873,97873,101368,101368,NO,actualizado
"VB801","Vinilo Tipo 1  Super Lavable   1/2 Cuñete Morado",99128,99128,128866,128866,133823,133823,138779,138779,143736,143736,NO,sin_cambio_base
"VB800","Vinilo Tipo 1  Super Lavable   1/2 Cuñete Violeta",99128,99128,128866,128866,133823,133823,138779,138779,143736,143736,NO,sin_cambio_base
"VB708","Vinilo Tipo 1  Super Lavable   1/2 Cuñete Thai",99128,99128,128866,128866,133823,133823,138779,138779,143736,143736,NO,sin_cambio_base
"VB707","Vinilo Tipo 1  Super Lavable   1/2 Cuñete Pomarosa",99128,99128,128866,128866,133823,133823,138779,138779,143736,143736,NO,sin_cambio_base
"VB706","Vinilo Tipo 1  Super Lavable   1/2 Cuñete Palo De Rosa",99128,99128,128866,128866,133823,133823,138779,138779,143736,143736,NO,sin_cambio_base
"VB705","Vinilo Tipo 1  Super Lavable   1/2 Cuñete Curuba",99128,99128,128866,128866,133823,133823,138779,138779,143736,143736,NO,sin_cambio_base
"VB704","Vinilo Tipo 1  Super Lavable 1/2 Cuñete Melon",69909.2,69909,90882,90882,94377,94377,97873,97873,101368,101368,NO,actualizado
"VB703","Vinilo Tipo 1  Super Lavable 1/2 Cuñete Mandarina Tropical",69909.2,69909,90882,90882,94377,94377,97873,97873,101368,101368,NO,actualizado
"VB702","Vinilo Tipo 1  Super Lavable   1/2 Cuñete Naranja Chic",99128,99128,128866,128866,133823,133823,138779,138779,143736,143736,NO,sin_cambio_base
"VB701","Vinilo Tipo 1  Super Lavable   1/2 Cuñete Naranaja Tropical",99128,99128,128866,128866,133823,133823,138779,138779,143736,143736,NO,sin_cambio_base
"VB700","Vinilo Tipo 1  Super Lavable 1/2 Cuñete Naranja",69909.2,69909,90882,90882,94377,94377,97873,97873,101368,101368,NO,actualizado
"VB619","Vinilo Tipo 1  Super Lavable   1/2 Cuñete Verde Tropical",99128,99128,128866,128866,133823,133823,138779,138779,143736,143736,NO,sin_cambio_base
"VB617","Vinilo Tipo 1  Super Lavable   1/2 Cuñete Verde Aceituna",99128,99128,128866,128866,133823,133823,138779,138779,143736,143736,NO,sin_cambio_base
"VB616","Vinilo Tipo 1  Super Lavable   1/2 Cuñete Verde Navidad",99128,99128,128866,128866,133823,133823,138779,138779,143736,143736,NO,sin_cambio_base
"VB615","Vinilo Tipo 1  Super Lavable   1/2 Cuñete Menta Fresca",69909.2,69909,90882,90882,94377,94377,97873,97873,101368,101368,NO,actualizado
"VB613","Vinilo Tipo 1  Super Lavable   1/2 Cuñete Verde Turqueza",99128,99128,128866,128866,133823,133823,138779,138779,143736,143736,NO,sin_cambio_base
"VB611","Vinilo Tipo 1  Super Lavable   1/2 Cuñete Verde Pìno",99128,99128,128866,128866,133823,133823,138779,138779,143736,143736,NO,sin_cambio_base
"VB610","Vinilo Tipo 1  Super Lavable   1/2 Cuñete Verde Manzana",99128,99128,128866,128866,133823,133823,138779,138779,143736,143736,NO,sin_cambio_base
"VB609","Vinilo Tipo 1  Super Lavable   1/2 Cuñete Verde Seda",69909.2,69909,90882,90882,94377,94377,97873,97873,101368,101368,NO,actualizado
"VB608","Vinilo Tipo 1  Super Lavable   1/2 Cuñete Verde Agua",99128,99128,128866,128866,133823,133823,138779,138779,143736,143736,NO,sin_cambio_base
"VB607","Vinilo Tipo 1  Super Lavable   1/2 Cuñete Verde Chartreuse",99128,99128,128866,128866,133823,133823,138779,138779,143736,143736,NO,sin_cambio_base
"VB606","Vinilo Tipo 1  Super Lavable   1/2 Cuñete Verde Cariñoso",99128,99128,128866,128866,133823,133823,138779,138779,143736,143736,NO,sin_cambio_base
"VB605","Vinilo Tipo 1  Super Lavable 1/2 Cuñete Verde Ensueño",69909.2,69909,90882,90882,94377,94377,97873,97873,101368,101368,NO,actualizado
"VB604","Vinilo Tipo 1  Super Lavable   1/2 Cuñete Verde Jaimaquino",99128,99128,128866,128866,133823,133823,138779,138779,143736,143736,NO,sin_cambio_base
"VB603","Vinilo Tipo 1  Super Lavable 1/2 Cuñete Verde Primaveral",69909.2,69909,90882,90882,94377,94377,97873,97873,101368,101368,NO,actualizado
"VB602","Vinilo Tipo 1  Super Lavable   1/2 Cuñete Verde Claro",99128,99128,128866,128866,133823,133823,138779,138779,143736,143736,NO,sin_cambio_base
"VB601","Vinilo Tipo 1  Super Lavable   1/2 Cuñete Verde Oscuro",99128,99128,128866,128866,133823,133823,138779,138779,143736,143736,NO,sin_cambio_base
"VB513","Vinilo Tipo 1 Super Lavable 1/2 Cuñete Gris Sidon",69909.2,69909,90882,90882,94377,94377,97873,97873,101368,101368,NO,actualizado
"VB508","Vinilo Tipo 1 Super Lavable 1/2 Cuñete Vc6002 Essential Gray",69909.2,69909,90882,90882,94377,94377,97873,97873,101368,101368,NO,actualizado
"VB502","Vinilo Tipo 1  Super Lavable   1/2 Cuñete Gris Basalto",69909.2,69909,90882,90882,94377,94377,97873,97873,101368,101368,NO,actualizado
"VB501","Vinilo Tipo 1  Super Lavable 1/2 Cuñete Gris Nube",69909.2,69909,90882,90882,94377,94377,97873,97873,101368,101368,NO,actualizado
"VB400","Vinilo Tipo 1  Super Lavable 1/2 Cuñete Negro",69909.2,69909,90882,90882,94377,94377,97873,97873,101368,101368,NO,actualizado
"VB304","Vinilo Tipo 1  Super Lavable 1/2 Cuñete Crema",69909.2,69909,90882,90882,94377,94377,97873,97873,101368,101368,NO,actualizado
"VB303","Vinilo Tipo 1  Super Lavable 1/2 Cuñete Blanco Hueso",69909.2,69909,90882,90882,94377,94377,97873,97873,101368,101368,NO,actualizado
"VB302","Vinilo Tipo 1  Super Lavable   1/2 Cuñete Blanco Ostra",99128,99128,128866,128866,133823,133823,138779,138779,143736,143736,NO,sin_cambio_base
"VB301","Vinilo Tipo 1  Super Lavable 1/2 Cuñete Blanco Almendra",69909.2,69909,90882,90882,94377,94377,97873,97873,101368,101368,NO,actualizado
"VB300","Vinilo Tipo 1  Super Lavable 1/2 Cuñete Blanco",69909.2,69909,90882,90882,94377,94377,97873,97873,101368,101368,NO,actualizado
"VB208","Vinilo Tipo 1  Super Lavable   1/2 Cuñete Rojo Emociòn",99128,99128,128866,128866,133823,133823,138779,138779,143736,143736,NO,sin_cambio_base
"VB204","Vinilo Tipo 1  Super Lavable 1/2 Cuñete Terracota",69909.2,69909,90882,90882,94377,94377,97873,97873,101368,101368,NO,actualizado
"VB203","Vinilo Tipo 1  Super Lavable   1/2 Cuñete Arrecife",99128,99128,128866,128866,133823,133823,138779,138779,143736,143736,NO,sin_cambio_base
"VB202","Vinilo Tipo 1  Super Lavable   1/2 Cuñete Mora",99128,99128,128866,128866,133823,133823,138779,138779,143736,143736,NO,sin_cambio_base
"VB201","Vinilo Tipo 1  Super Lavable 1/2 Cuñete Rojo Colonial",69909.2,69909,90882,90882,94377,94377,97873,97873,101368,101368,NO,actualizado
"VB200","Vinilo Tipo 1  Super Lavable 1/2 Cuñete Rojo",69909.2,69909,90882,90882,94377,94377,97873,97873,101368,101368,NO,actualizado
"VB107","Vinilo Tipo 1  Super Lavable   1/2 Cuñete Agua Marina",99128,99128,128866,128866,133823,133823,138779,138779,143736,143736,NO,sin_cambio_base
"VB106","Vinilo Tipo 1  Super Lavable 1/2 Cuñete Azul Cielo",69909.2,69909,90882,90882,94377,94377,97873,97873,101368,101368,NO,actualizado
"VB105","Vinilo Tipo 1  Super Lavable   1/2 Cuñete Azul Porcelana",99128,99128,128866,128866,133823,133823,138779,138779,143736,143736,NO,sin_cambio_base
"VB104","Vinilo Tipo 1  Super Lavable   1/2 Cuñete Azul Celeste",99128,99128,128866,128866,133823,133823,138779,138779,143736,143736,NO,sin_cambio_base
"VB103","Vinilo Tipo 1  Super Lavable   1/2 Cuñete Azul Nordico",99128,99128,128866,128866,133823,133823,138779,138779,143736,143736,NO,sin_cambio_base
"VB102","Vinilo Tipo 1  Super Lavable   1/2 Cuñete Azul Pacifico",99128,99128,128866,128866,133823,133823,138779,138779,143736,143736,NO,sin_cambio_base
"VB101","Vinilo Tipo 1  Super Lavable   1/2 Cuñete Azul Milano",99128,99128,128866,128866,133823,133823,138779,138779,143736,143736,NO,sin_cambio_base
"VB100","Vinilo Tipo 1  Super Lavable   1/2 Cuñete Azul",99128,99128,128866,128866,133823,133823,138779,138779,143736,143736,NO,sin_cambio_base
"VB08","Vinilo Tipo 1  Super Lavable   1/2 Cuñete Amarillo Otoñal",99128,99128,128866,128866,133823,133823,138779,138779,143736,143736,NO,sin_cambio_base
"VB07","Vinilo Tipo 1  Super Lavable   1/2 Cuñete Trigo",99128,99128,128866,128866,133823,133823,138779,138779,143736,143736,NO,sin_cambio_base
"VB06","Vinilo Tipo 1  Super Lavable   1/2 Cuñete Ocre",69909.2,69909,90882,90882,94377,94377,97873,97873,101368,101368,NO,actualizado
"VB05","Vinilo Tipo 1  Super Lavable   1/2 Cuñete Camelia",69909.2,69909,90882,90882,94377,94377,97873,97873,101368,101368,NO,actualizado
"VB04","Vinilo Tipo 1  Super Lavable   1/2 Cuñete Amarillo Oro",99128,99128,128866,128866,133823,133823,138779,138779,143736,143736,NO,sin_cambio_base
"VB03","Vinilo Tipo 1  Super Lavable   1/2 Cuñete Amarillo Fusion",99128,99128,128866,128866,133823,133823,138779,138779,143736,143736,NO,sin_cambio_base
"VB01","Vinilo Tipo 1  Super Lavable   1/2 Cuñete Amarillo",99128,99128,128866,128866,133823,133823,138779,138779,143736,143736,NO,sin_cambio_base
"UZ","Pegante Papel - Carton 1/8",2615.2,2615,3400,3400,3530,3531,3661,3661,3792,3792,NO,actualizado
"UX","Pegante Papel - Carton  1/4",6384.8,6385,8301,8300,8620,8619,8939,8939,9258,9258,NO,actualizado
"UG","Pegante Papel - Carton Galón",22384.8,22385,29101,29100,30220,30219,31339,31339,32458,32458,NO,actualizado
"UC","Pegante Papel - Carton Cuñete",104615.2,104615,136000,136000,141230,141231,146461,146461,151692,151692,NO,actualizado
"TPLASTICO","Tambor Plastico",30000,30000,39000,39000,40500,40500,42000,42000,43500,43500,NO,sin_cambio_base
"TG700","P.Acrilica Traf Pesado Galón Naranja",64000,64000,83200,83200,86400,86400,89600,89600,92800,92800,NO,sin_cambio_base
"TG624","P.Acrilica Traf Pesado Galón Verde Oliva",52000,52000,67600,67600,70200,70200,72800,72800,75400,75400,NO,sin_cambio_base
"TG600","P.Acrilica Traf Pesado Galón Verde",52000,52000,67600,67600,70200,70200,72800,72800,75400,75400,NO,sin_cambio_base
"TG502","P.Acrilica Traf Pesado Galón Gris Basalto",48000,48000,62400,62400,64800,64800,67200,67200,69600,69600,NO,sin_cambio_base
"TG501","P.Acrilica Traf Pesado Galón Gris Nube",48000,48000,62400,62400,64800,64800,67200,67200,69600,69600,NO,sin_cambio_base
"TG500","P.Acrilica Traf Pesado Galón Gris",48000,48000,62400,62400,64800,64800,67200,67200,69600,69600,NO,sin_cambio_base
"TG400","P.Acrilica Traf Pesado Galón Negro",46800,46800,60840,60840,63180,63180,65520,65520,67860,67860,NO,sin_cambio_base
"TG300","P.Acrilica Traf Pesado Galón Blanco",48400,48400,62920,62920,65340,65340,67760,67760,70180,70180,NO,sin_cambio_base
"TG201","P.Acrilica Traf Pesado Galón Rojo Colonial",41600,41600,54080,54080,56160,56160,58240,58240,60320,60320,NO,sin_cambio_base
"TG200","P.Acrilica Traf Pesado Galón Rojo",64000,64000,83200,83200,86400,86400,89600,89600,92800,92800,NO,sin_cambio_base
"TG104","P.Acrilica Traf Pesado Galón Azul Celeste",49600,49600,64480,64480,66960,66960,69440,69440,71920,71920,NO,sin_cambio_base
"TG100","P.Acrilica Traf Pesado Galón Azul",49600,49600,64480,64480,66960,66960,69440,69440,71920,71920,NO,sin_cambio_base
"TG06","P.Acrilica Traf Pesado Galón Ocre",52800,52800,68640,68640,71280,71280,73920,73920,76560,76560,NO,sin_cambio_base
"TG01","P.Acrilica Traf Pesado Galón Amarilla",52800,52800,68640,68640,71280,71280,73920,73920,76560,76560,NO,sin_cambio_base
"TCONTAMINADO","Tambor Contaminado",5000,5000,6500,6500,6750,6750,7000,7000,7250,7250,NO,sin_cambio_base
"TCERRADO","Tambor Cerrado",4000,4000,5200,5200,5400,5400,5600,5600,5800,5800,NO,sin_cambio_base
"TC400","P.Acrilica Traf Pesado Cuñete Negro",300000,300000,390000,390000,405000,405000,420000,420000,435000,435000,NO,sin_cambio_base
"TC300","P.Acrilica Traf Pesado Cuñete Blanco",290000,290000,377000,377000,391500,391500,406000,406000,420500,420500,NO,sin_cambio_base
"TC100","P.Acrilica Traf Pesado Cuñete Azul",300000,300000,390000,390000,405000,405000,420000,420000,435000,435000,NO,sin_cambio_base
"TC01","P.Acrilica Traf Pesado Cuñete Amarilla",323076.92,323077,420000,420000,436154,436154,452308,452308,468462,468462,NO,actualizado
"TARO","Tambor Tapa Aro",3000,3000,3900,3900,4050,4050,4200,4200,4350,4350,NO,sin_cambio_base
"TAPAC","Tapa Cuñete",2308,2308,3000,3000,3116,3116,3231,3231,3347,3347,NO,sin_cambio_base
"SÑ","Soldadura Pvc 1/32",2908.4,2908,3780,3781,3926,3926,4071,4072,4217,4217,NO,actualizado
"SZ","Soldadura Pvc 1/8",10364.8,10365,13475,13474,13993,13992,14511,14511,15029,15029,NO,actualizado
"SX","Soldadura Pvc 1/4",16462.4,16462,21401,21401,22224,22224,23047,23047,23870,23870,NO,actualizado
"SX","Soldadura Pvc 1/4",16462.4,16462,21401,21401,22224,22224,23047,23047,23870,23870,NO,actualizado
"SS","Soldadura Pvc 1/64",1756.8,1757,2284,2284,2372,2372,2460,2460,2548,2547,NO,actualizado
"SR","Soldadura Pvc 1/128",1029.2,1029,1338,1338,1389,1389,1441,1441,1492,1492,NO,actualizado
"SG5","Soldadura Pvc Galón X 5",270000,270000,351000,351000,364500,364500,378000,378000,391500,391500,NO,sin_cambio_base
"SG4","Soldadura Pvc Galón X 4",280000,280000,364000,364000,378000,378000,392000,392000,406000,406000,NO,sin_cambio_base
"SG3","Soldadura Pvc Galón X 3",210000,210000,273000,273000,283500,283500,294000,294000,304500,304500,NO,sin_cambio_base
"SG","Soldadura Pvc  Galón",60000,60000,78000,78000,81000,81000,84000,84000,87000,87000,NO,sin_cambio_base
"SDME","Servicio Manejo De Estañones",152000,152000,197600,197600,205200,205200,212800,212800,220400,220400,NO,sin_cambio_base
"SD","Soldadura Pvc 1/16",7241.6,7242,9415,9414,9777,9776,10139,10138,10501,10500,NO,actualizado
"RÑ","Soldadura Pvc Rapida 1/32",5915.2,5915,7690,7690,7985,7986,8281,8281,8577,8577,NO,actualizado
"RZ","Soldadura Pvc Rapida 1/8",17616,17616,22901,22901,23782,23782,24662,24662,25543,25543,NO,sin_cambio_base
"RX","Soldadura Pvc Rapida 1/4",28968.4,28968,37658,37659,39107,39107,40555,40556,42004,42004,NO,actualizado
"RS","Soldadura Pvc Rapida 1/64",3504.8,3505,4557,4556,4732,4731,4907,4907,5082,5082,NO,actualizado
"RR","Soldadura Pvc Rapida 1/128",1663.2,1663,2162,2162,2245,2245,2328,2328,2411,2412,NO,actualizado
"RG5","Soldadura Pvc Rapida Galón X 5",304999.76,305000,396500,396500,411750,411750,427000,427000,442250,442250,NO,actualizado
"RG4","Soldadura Pvc Rapida Galón X 4",380800,380800,495040,495040,514080,514080,533120,533120,552160,552160,NO,sin_cambio_base
"RG3","Soldadura Pvc Rapida Galón X 3",285600,285600,371280,371280,385560,385560,399840,399840,414120,414120,NO,sin_cambio_base
"RG","Soldadura Pvc Rapida Galón",68999.84,69000,89700,89700,93150,93150,96600,96600,100050,100050,NO,actualizado
"RD","Soldadura Pvc Rapida 1/16",11518.4,11518,14973,14974,15549,15550,16125,16126,16701,16702,NO,actualizado
"RD","Soldadura Pvc Rapida 1/16",11518.4,11518,14973,14974,15549,15550,16125,16126,16701,16702,NO,actualizado
"R9","Espatula Masilla Pequeña",840.33,840,1092,1092,1134,1134,1176,1176,1218,1218,NO,actualizado
"R8","Espatula Mezclador Galón",1680.67,1681,2185,2185,2269,2269,2353,2353,2437,2437,NO,actualizado
"R7","Destapacuñetes",2100.84,2101,2731,2731,2836,2836,2941,2941,3046,3046,NO,actualizado
"R6","Rodillo Espuma Esquinas",10235,10235,13306,13306,13817,13817,14329,14329,14841,14841,NO,sin_cambio_base
"R5","Rodillo Doméstico 9""",5462.18,5462,7101,7101,7374,7374,7647,7647,7920,7920,NO,actualizado
"R4","Rodillo Doméstico 6""",2975,2975,3868,3868,4016,4016,4165,4165,4314,4314,NO,sin_cambio_base
"R3","Rodillo Doméstico 4""",3781.51,3782,4917,4916,5106,5105,5295,5294,5484,5483,NO,actualizado
"R2","Rodillo Doméstico 3""",1499,1499,1949,1949,2024,2024,2099,2099,2174,2174,NO,sin_cambio_base
"R15","Rodillo Epoxico 9 """,8403.4,8403,10924,10924,11344,11345,11764,11765,12184,12185,NO,actualizado
"R14","Cinta De Enmascarar 3/4 Pulgada X 40 M",2941.2,2941,3823,3824,3970,3971,4117,4118,4264,4265,NO,actualizado
"R13","Rodillo De Felpa Profesional 9''",7563.02,7563,9832,9832,10210,10210,10588,10588,10966,10966,NO,actualizado
"R12","Espatula Con Mago Grande 15 Cm (6'')",2100.84,2101,2731,2731,2836,2836,2941,2941,3046,3046,NO,actualizado
"R11","Espatula Masilla Mediana",1260.5,1261,1639,1639,1702,1702,1765,1765,1828,1828,NO,actualizado
"R10","Espatula Con Mago Mediana 7 Cm (3'')",1680.7,1681,2185,2185,2269,2269,2353,2353,2437,2437,NO,actualizado
"R1","Rodillo Doméstico 2""",2941.17,2941,3823,3824,3970,3971,4117,4118,4264,4265,NO,actualizado
"R-AÑ","Soldadura Rapida Pvc Pegado En Humedo 1/32",5915.2,5915,7690,7690,7985,7986,8281,8281,8577,8577,NO,actualizado
"R-AZ","Soldadura Rapida Pvc Pegado En Humedo 1/8",17616,17616,22901,22901,23782,23782,24662,24662,25543,25543,NO,sin_cambio_base
"R-AX","Soldadura Rapida Pvc Pegado En Humedo 1/4",28968.4,28968,37658,37659,39107,39107,40555,40556,42004,42004,NO,actualizado
"R-AS","Soldadura Rapida Pvc Pegado En Humedo 1/64",3496.8,3497,4546,4546,4721,4721,4896,4896,5071,5070,NO,actualizado
"R-AR","Soldadura Rapida Pvc Pegado En Humedo 1/128",1663.2,1663,2162,2162,2245,2245,2328,2328,2411,2412,NO,actualizado
"R-AG5","Soldadura Rapida Pvc Pegado En Humedo Galón X 5",320000,320000,416000,416000,432000,432000,448000,448000,464000,464000,NO,sin_cambio_base
"R-AG","Soldadura Rapida Pvc Pegado En Humedo Galón",75000,75000,97500,97500,101250,101250,105000,105000,108750,108750,NO,sin_cambio_base
"R-AD","Soldadura Rapida Pvc Pegado En Humedo 1/16",11518.4,11518,14973,14974,15549,15550,16125,16126,16701,16702,NO,actualizado
"QX","P.V.A 1/4",3076.8,3077,4000,4000,4154,4154,4308,4308,4462,4461,NO,actualizado
"QG","P.V.A Galón",10154,10154,13200,13200,13708,13708,14216,14216,14723,14723,NO,sin_cambio_base
"QF","P.V.A  Kilo",1750,1750,2275,2275,2363,2363,2450,2450,2538,2538,NO,sin_cambio_base
"QC","P.V.A Cuñete",44230.8,44231,57500,57500,59712,59712,61923,61923,64135,64135,NO,actualizado
"PY","Pegante Amarillo 60 C.C",1223.2,1223,1590,1590,1651,1651,1712,1712,1773,1774,NO,actualizado
"PW","Pegante Amarillo 120 C.C",2174,2174,2826,2826,2935,2935,3044,3044,3152,3152,NO,sin_cambio_base
"PI","Pegante Amarillo 1/2 Botella",5366.8,5367,6977,6977,7245,7245,7514,7514,7782,7782,NO,actualizado
"PG","Pegante Amarillo Galón",37632.4,37632,48922,48922,50803,50804,52685,52685,54566,54567,NO,actualizado
"PE","Pegante Amarillo Botella",9714,9714,12628,12628,13114,13114,13600,13600,14085,14085,NO,sin_cambio_base
"P57","Bolsa Polipropileno Laminada Publicitaria",2941.17,2941,3823,3824,3970,3971,4117,4118,4264,4265,NO,actualizado
"P15","Paca De Envase 1/32 X 63 Und",36225,36225,47093,47093,48904,48904,50715,50715,52526,52526,NO,sin_cambio_base
"P13","Paca Envase De 1/64 X 110 Und",47300,47300,61490,61490,63855,63855,66220,66220,68585,68585,NO,sin_cambio_base
"P12","Paca Envase De 1/128 X 130 Und",45500,45500,59150,59150,61425,61425,63700,63700,65975,65975,NO,sin_cambio_base
"OZ902","Esmalte 1/8 Anoloc Dorado",10000,10000,13000,13000,13500,13500,14000,14000,14500,14500,NO,sin_cambio_base
"OZ900","Esmalte 1/8 Anoloc Champaña",10000,10000,13000,13000,13500,13500,14000,14000,14500,14500,NO,sin_cambio_base
"OZ600","Esmalte 1/8 Anoloc Verde",10000,10000,13000,13000,13500,13500,14000,14000,14500,14500,NO,sin_cambio_base
"OX902","Esmalte 1/4 Anoloc Dorado",15384.8,15385,20001,20000,20770,20769,21539,21539,22308,22308,NO,actualizado
"OX900","Esmalte 1/4 Anoloc Champaña",15384.8,15385,20001,20000,20770,20769,21539,21539,22308,22308,NO,actualizado
"OX600","Esmalte 1/4 Anoloc Verde",15384.8,15385,20001,20000,20770,20769,21539,21539,22308,22308,NO,actualizado
"OG902","Esmalte Galón Anoloc Dorado",51538.4,51538,66999,67000,69576,69577,72153,72154,74730,74731,NO,actualizado
"OG900","Esmalte Galón Anoloc Champaña",51538.4,51538,66999,67000,69576,69577,72153,72154,74730,74731,NO,actualizado
"OG600","Esmalte Galón Anoloc Verde",51538.4,51538,66999,67000,69576,69577,72153,72154,74730,74731,NO,actualizado
"OFXCHG","Oferta Estuco Cuñete + Vinilo Interior Galón Blanco 2019",31513,31513,40967,40967,42543,42543,44118,44118,45694,45694,NO,sin_cambio_base
"OFXCGG","Oferta Estuco Cuñete + Vinilo Cubrieente Galón Blanco 2019",35714,35714,46428,46428,48214,48214,50000,50000,51785,51785,NO,sin_cambio_base
"OFXA","Oferta Estuco Plastico (50 Cajas + 5 Cuñetes)",1527576.9,1527577,1985850,1985850,2062229,2062229,2138608,2138608,2214987,2214987,NO,actualizado
"OFRÑ","Oferta Docena 13 Soldadura Pvc Rapida 1/32 X 26 Und",113082,113082,147007,147007,152661,152661,158315,158315,163969,163969,NO,sin_cambio_base
"OFRZ","Oferta Docena 13 Soldadura Pvc Rapida 1/8 X 13 Und",152673,152673,198475,198475,206109,206109,213742,213742,221376,221376,NO,sin_cambio_base
"OFRX","Oferta Docena 13 Soldadura Pvc Rapida 1/4 X 13 Und",273882,273882,356047,356047,369741,369741,383435,383435,397129,397129,NO,sin_cambio_base
"OFRS","Oferta Docena 13 Soldadura Pvc Rapida 1/64 X 39 Und",100286,100286,130372,130372,135386,135386,140400,140400,145415,145415,NO,sin_cambio_base
"OFRD","Oferta Docena 13 Soldadura Pvc Rapida 1/16 X 13 Und",92148,92148,119792,119792,124400,124400,129007,129007,133615,133615,NO,sin_cambio_base
"OFMCHG","Oferta Masilla Cuñete + Vinilo Interior Galón Blanco 2019",34453,34453,44789,44789,46512,46512,48234,48234,49957,49957,NO,sin_cambio_base
"OD902","Esmalte 1/16 Anoloc Dorado",6158,6158,8005,8005,8313,8313,8621,8621,8929,8929,NO,sin_cambio_base
"OD900","Esmalte 1/16 Anoloc Champaña",6158,6158,8005,8005,8313,8313,8621,8621,8929,8929,NO,sin_cambio_base
"OD600","Esmalte 1/16 Anoloc Verde",6158,6158,8005,8005,8313,8313,8621,8621,8929,8929,NO,sin_cambio_base
"NÑ","Soldadura Cpvc 1/32",6118.4,6118,7953,7954,8259,8260,8565,8566,8871,8872,NO,actualizado
"NZ","Soldadura Cpvc 1/8",20710.8,20711,26924,26924,27960,27960,28995,28995,30031,30031,NO,actualizado
"NX","Soldadura Cpvc 1/4",31997.6,31998,41597,41597,43197,43197,44797,44797,46397,46397,NO,actualizado
"NT-R","Soldadura Cpvc Tubosa 1/128",968.8,969,1260,1259,1308,1308,1357,1356,1405,1405,NO,actualizado
"NS","Soldadura Cpvc 1/64",3770.8,3771,4902,4902,5091,5091,5279,5279,5468,5468,NO,actualizado
"NR","Soldadura Cpvc 1/128",1747.6,1748,2272,2272,2360,2359,2447,2447,2535,2534,NO,actualizado
"NG5","Soldadura Cpvc Galón X 5",304999.76,305000,396500,396500,411750,411750,427000,427000,442250,442250,NO,actualizado
"NG","Soldadura Cpvc  Galón",68999.84,69000,89700,89700,93150,93150,96600,96600,100050,100050,NO,actualizado
"ND","Soldadura Cpvc 1/16",12479.2,12479,16223,16223,16847,16847,17471,17471,18095,18095,NO,actualizado
"MS-Q","Estuco Plastico Bolsa 28 Kg",30000,30000,39000,39000,40500,40500,42000,42000,43500,43500,NO,sin_cambio_base
"MS-G","Masilla Estumastic Galón",158931,158931,206610,206610,214557,214557,222503,222503,230450,230450,NO,sin_cambio_base
"MS-C","Masilla Cuñete Imperio",27755.74,27756,36083,36082,37471,37470,38858,38858,40246,40246,NO,actualizado
"MG","Masilla Max Drywall Galón",7730.8,7731,10050,10050,10437,10437,10823,10823,11210,11210,NO,actualizado
"MC","Masilla Max Drywall Cuñete",29384.8,29385,38201,38200,39670,39669,41139,41139,42608,42608,NO,actualizado
"MB","Masilla Max Drywall 1/2 Cuñete",16333,16333,21233,21233,22050,22050,22866,22866,23683,23683,NO,sin_cambio_base
"MA","Masilla Max Drywall Caja",23658.4,23658,30755,30756,31938,31939,33121,33122,34304,34305,NO,actualizado
"LÑ","Limpiador Pvc- Cpvc  1/32 Rapido",2408.4,2408,3130,3131,3251,3251,3371,3372,3492,3492,NO,actualizado
"LX","Limpiador Pvc- Cpvc  1/4 Rapido",12767.6,12768,16598,16598,17237,17236,17875,17875,18514,18513,NO,actualizado
"LS","Limpiador Pvc- Cpvc  1/64 Rapido",1333.2,1333,1733,1733,1800,1800,1866,1866,1933,1933,NO,actualizado
"LR","Limpiador Pvc- Cpvc 1/128 Rapido",879.2,879,1143,1143,1187,1187,1231,1231,1275,1275,NO,actualizado
"LM","Limpiador Pvc- Cpvc  12 Onzas Rapido",6430.4,6430,8359,8360,8681,8681,9002,9003,9324,9324,NO,actualizado
"KZ907","Esmalte 1/8 Caoba",6094,6094,7922,7922,8227,8227,8532,8532,8836,8836,NO,sin_cambio_base
"KZ904","Esmalte 1/8 Tabaco",6094,6094,7922,7922,8227,8227,8532,8532,8836,8836,NO,sin_cambio_base
"KZ901","Esmalte 1/8 Aluminio",6094,6094,7922,7922,8227,8227,8532,8532,8836,8836,NO,sin_cambio_base
"KZ700","Esmalte 1/8 Naranja",6692,6692,8700,8700,9034,9034,9369,9369,9703,9703,NO,sin_cambio_base
"KZ612","Esmalte 1/8 Verde Esmeralda",6094,6094,7922,7922,8227,8227,8532,8532,8836,8836,NO,sin_cambio_base
"KZ611","Esmalte 1/8 Verde Pino",6094,6094,7922,7922,8227,8227,8532,8532,8836,8836,NO,sin_cambio_base
"KZ500","Esmalte 1/8 Gris",6094,6094,7922,7922,8227,8227,8532,8532,8836,8836,NO,sin_cambio_base
"KZ401","Esmalte 1/8 Negro Mate",6094,6094,7922,7922,8227,8227,8532,8532,8836,8836,NO,sin_cambio_base
"KZ400","Esmalte 1/8 Negro",6094,6094,7922,7922,8227,8227,8532,8532,8836,8836,NO,sin_cambio_base
"KZ309","Esmalte 1/8 Blanco Mate",6094,6094,7922,7922,8227,8227,8532,8532,8836,8836,NO,sin_cambio_base
"KZ304","Esmalte 1/8 Crema",6094,6094,7922,7922,8227,8227,8532,8532,8836,8836,NO,sin_cambio_base
"KZ300","Esmalte 1/8 Blanco",6094,6094,7922,7922,8227,8227,8532,8532,8836,8836,NO,sin_cambio_base
"KZ207","Esmalte 1/8 Vinotinto",6692,6692,8700,8700,9034,9034,9369,9369,9703,9703,NO,sin_cambio_base
"KZ201","Esmalte 1/8 Rojo Colonial",6094,6094,7922,7922,8227,8227,8532,8532,8836,8836,NO,sin_cambio_base
"KZ200","Esmalte 1/8 Rojo",6692,6692,8700,8700,9034,9034,9369,9369,9703,9703,NO,sin_cambio_base
"KZ114","Esmalte 1/8 Azul Español",6094,6094,7922,7922,8227,8227,8532,8532,8836,8836,NO,sin_cambio_base
"KZ109","Esmalte 1/8 Azul Claro",6094,6094,7922,7922,8227,8227,8532,8532,8836,8836,NO,sin_cambio_base
"KZ100","Esmalte 1/8 Azul Oscuro",6094,6094,7922,7922,8227,8227,8532,8532,8836,8836,NO,sin_cambio_base
"KZ06","Esmalte 1/8 Ocre",6094,6094,7922,7922,8227,8227,8532,8532,8836,8836,NO,sin_cambio_base
"KZ01","Esmalte 1/8 Amarillo",6692,6692,8700,8700,9034,9034,9369,9369,9703,9703,NO,sin_cambio_base
"KX907","Esmalte 1/4 Caoba",9825.2,9825,12773,12773,13264,13264,13755,13755,14246,14247,NO,actualizado
"KX904","Esmalte 1/4 Tabaco",9825.2,9825,12773,12773,13264,13264,13755,13755,14246,14247,NO,actualizado
"KX901","Esmalte 1/4 Aluminio",9825.2,9825,12773,12773,13264,13264,13755,13755,14246,14247,NO,actualizado
"KX700","Esmalte 1/4 Naranja",10769.2,10769,14000,14000,14538,14538,15077,15077,15615,15615,NO,actualizado
"KX612","Esmalte 1/4 Verde Esmeralda",9825.2,9825,12773,12773,13264,13264,13755,13755,14246,14247,NO,actualizado
"KX611","Esmalte 1/4 Verde Pino",9825.2,9825,12773,12773,13264,13264,13755,13755,14246,14247,NO,actualizado
"KX500","Esmalte 1/4 Gris",9825.2,9825,12773,12773,13264,13264,13755,13755,14246,14247,NO,actualizado
"KX401","Esmalte 1/4 Negro Mate",9825.2,9825,12773,12773,13264,13264,13755,13755,14246,14247,NO,actualizado
"KX400","Esmalte 1/4 Negro",9825.2,9825,12773,12773,13264,13264,13755,13755,14246,14247,NO,actualizado
"KX309","Esmalte 1/4 Blanco Mate",9825.2,9825,12773,12773,13264,13264,13755,13755,14246,14247,NO,actualizado
"KX304","Esmalte 1/4 Crema",9825.2,9825,12773,12773,13264,13264,13755,13755,14246,14247,NO,actualizado
"KX300","Esmalte 1/4 Blanco",9825.2,9825,12773,12773,13264,13264,13755,13755,14246,14247,NO,actualizado
"KX207","Esmalte 1/4 Vinotinto",10769.2,10769,14000,14000,14538,14538,15077,15077,15615,15615,NO,actualizado
"KX201","Esmalte 1/4 Rojo Colonial",9825.2,9825,12773,12773,13264,13264,13755,13755,14246,14247,NO,actualizado
"KX200","Esmalte 1/4 Rojo",10769.2,10769,14000,14000,14538,14538,15077,15077,15615,15615,NO,actualizado
"KX114","Esmalte 1/4 Azul Español",9825.2,9825,12773,12773,13264,13264,13755,13755,14246,14247,NO,actualizado
"KX109","Esmalte 1/4 Azul Claro",9825.2,9825,12773,12773,13264,13264,13755,13755,14246,14247,NO,actualizado
"KX100","Esmalte 1/4 Azul Oscuro",9825.2,9825,12773,12773,13264,13264,13755,13755,14246,14247,NO,actualizado
"KX06","Esmalte 1/4 Ocre",9825.2,9825,12773,12773,13264,13264,13755,13755,14246,14247,NO,actualizado
"KX01","Esmalte 1/4 Amarillo",10769.2,10769,14000,14000,14538,14538,15077,15077,15615,15615,NO,actualizado
"KT400","Esmalte Tambor Negro",1923077,1923077,2500000,2500000,2596154,2596154,2692308,2692308,2788462,2788462,NO,sin_cambio_base
"KG908","Esmalte Galón Wengue",30502,30502,39653,39653,41178,41178,42703,42703,44228,44228,NO,sin_cambio_base
"KG907","Esmalte Galón Caoba",30502,30502,39653,39653,41178,41178,42703,42703,44228,44228,NO,sin_cambio_base
"KG904","Esmalte Galón Tabaco",30502,30502,39653,39653,41178,41178,42703,42703,44228,44228,NO,sin_cambio_base
"KG901","Esmalte Galón Aluminio",30502,30502,39653,39653,41178,41178,42703,42703,44228,44228,NO,sin_cambio_base
"KG700","Esmalte Galón Naranja",34230.8,34231,44500,44500,46212,46212,47923,47923,49635,49635,NO,actualizado
"KG612","Esmalte Galón Verde Esmeralda",30502,30502,39653,39653,41178,41178,42703,42703,44228,44228,NO,sin_cambio_base
"KG611","Esmalte Galón Verde Pino",30502,30502,39653,39653,41178,41178,42703,42703,44228,44228,NO,sin_cambio_base
"KG513","Esmalte Galón Gris Mate",30502,30502,39653,39653,41178,41178,42703,42703,44228,44228,NO,sin_cambio_base
"KG500","Esmalte Galón Gris",30502,30502,39653,39653,41178,41178,42703,42703,44228,44228,NO,sin_cambio_base
"KG401","Esmalte Galón Negro Mate",30502,30502,39653,39653,41178,41178,42703,42703,44228,44228,NO,sin_cambio_base
"KG400","Esmalte Galón Negro",30502,30502,39653,39653,41178,41178,42703,42703,44228,44228,NO,sin_cambio_base
"KG309","Esmalte Galón Blanco Mate",30502,30502,39653,39653,41178,41178,42703,42703,44228,44228,NO,sin_cambio_base
"KG304","Esmalte Galón Crema",30502,30502,39653,39653,41178,41178,42703,42703,44228,44228,NO,sin_cambio_base
"KG300","Esmalte Galón Blanco",30502,30502,39653,39653,41178,41178,42703,42703,44228,44228,NO,sin_cambio_base
"KG207","Esmalte Galón Vinotinto",34230.8,34231,44500,44500,46212,46212,47923,47923,49635,49635,NO,actualizado
"KG201","Esmalte Galón Rojo Colonial",30502,30502,39653,39653,41178,41178,42703,42703,44228,44228,NO,sin_cambio_base
"KG200","Esmalte Galón Rojo",34230.8,34231,44500,44500,46212,46212,47923,47923,49635,49635,NO,actualizado
"KG114","Esmalte Galón Azul Español",30502,30502,39653,39653,41178,41178,42703,42703,44228,44228,NO,sin_cambio_base
"KG109","Esmalte Galón Azul Claro",30502,30502,39653,39653,41178,41178,42703,42703,44228,44228,NO,sin_cambio_base
"KG100","Esmalte Galón Azul Oscuro",30502,30502,39653,39653,41178,41178,42703,42703,44228,44228,NO,sin_cambio_base
"KG06","Esmalte Galón Ocre",30502,30502,39653,39653,41178,41178,42703,42703,44228,44228,NO,sin_cambio_base
"KG01","Esmalte Galón Amarillo",34230.8,34231,44500,44500,46212,46212,47923,47923,49635,49635,NO,actualizado
"KD907","Esmalte 1/16 Caoba",3957.6,3958,5145,5145,5343,5343,5541,5541,5739,5739,NO,actualizado
"KD904","Esmalte 1/16 Tabaco",3957.6,3958,5145,5145,5343,5343,5541,5541,5739,5739,NO,actualizado
"KD901","Esmalte 1/16 Aluminio",3957.6,3958,5145,5145,5343,5343,5541,5541,5739,5739,NO,actualizado
"KD700","Esmalte 1/16 Naranja",4461.2,4461,5799,5800,6022,6023,6245,6246,6468,6469,NO,actualizado
"KD626","Esmalte 1/16 Verde Maquina",3957.6,3958,5145,5145,5343,5343,5541,5541,5739,5739,NO,actualizado
"KD612","Esmalte 1/16 Verde Esmeralda",3957.6,3958,5145,5145,5343,5343,5541,5541,5739,5739,NO,actualizado
"KD611","Esmalte 1/16 Verde Pino",3957.6,3958,5145,5145,5343,5343,5541,5541,5739,5739,NO,actualizado
"KD500","Esmalte 1/16 Gris",3957.6,3958,5145,5145,5343,5343,5541,5541,5739,5739,NO,actualizado
"KD401","Esmalte 1/16 Negro Mate",3957.6,3958,5145,5145,5343,5343,5541,5541,5739,5739,NO,actualizado
"KD400","Esmalte 1/16 Negro",3957.6,3958,5145,5145,5343,5343,5541,5541,5739,5739,NO,actualizado
"KD309","Esmalte 1/16 Blanco Mate",3957.6,3958,5145,5145,5343,5343,5541,5541,5739,5739,NO,actualizado
"KD304","Esmalte 1/16 Crema",3957.6,3958,5145,5145,5343,5343,5541,5541,5739,5739,NO,actualizado
"KD300","Esmalte 1/16 Blanco",3957.6,3958,5145,5145,5343,5343,5541,5541,5739,5739,NO,actualizado
"KD207","Esmalte 1/16 Vinotinto",4461.2,4461,5799,5800,6022,6023,6245,6246,6468,6469,NO,actualizado
"KD201","Esmalte 1/16 Rojo Colonial",3957.6,3958,5145,5145,5343,5343,5541,5541,5739,5739,NO,actualizado
"KD200","Esmalte 1/16 Rojo",4461.2,4461,5799,5800,6022,6023,6245,6246,6468,6469,NO,actualizado
"KD114","Esmalte 1/16 Azul Español",3957.6,3958,5145,5145,5343,5343,5541,5541,5739,5739,NO,actualizado
"KD109","Esmalte 1/16 Azul Claro",3957.6,3958,5145,5145,5343,5343,5541,5541,5739,5739,NO,actualizado
"KD100","Esmalte 1/16 Azul Oscuro",3957.6,3958,5145,5145,5343,5343,5541,5541,5739,5739,NO,actualizado
"KD06","Esmalte 1/16 Ocre",3957.6,3958,5145,5145,5343,5343,5541,5541,5739,5739,NO,actualizado
"KD01","Esmalte 1/16 Amarillo",4461.2,4461,5799,5800,6022,6023,6245,6246,6468,6469,NO,actualizado
"JX915","Vinilo Acrilico Aaa 1/4 Tiramisu",12135.2,12135,15776,15776,16382,16383,16989,16989,17596,17596,NO,actualizado
"JX907","Vinilo Acrílico Aaa 1/4 Caoba",12135.2,12135,15776,15776,16382,16383,16989,16989,17596,17596,NO,actualizado
"JX801","Vinilo Acrilico Aaa 1/4 Morado",12135.2,12135,15776,15776,16382,16383,16989,16989,17596,17596,NO,actualizado
"JX800","Vinilo Acrílico Aaa 1/4 Violeta",12135.2,12135,15776,15776,16382,16383,16989,16989,17596,17596,NO,actualizado
"JX709","Vinilo Acrilico Aaa 1/4 Naranja Teja",12135.2,12135,15776,15776,16382,16383,16989,16989,17596,17596,NO,actualizado
"JX704","Vinilo Acrilico Aaa 1/4 Melon",12135.2,12135,15776,15776,16382,16383,16989,16989,17596,17596,NO,actualizado
"JX701","Vinilo Acrilico Aaa 1/4 Naranja Tropical",12135.2,12135,15776,15776,16382,16383,16989,16989,17596,17596,NO,actualizado
"JX700","Vinilo Acrílico Aaa 1/4 Naranja",12135.2,12135,15776,15776,16382,16383,16989,16989,17596,17596,NO,actualizado
"JX611","Vinilo Acrílico Aaa 1/4 Verde Pino",12135.2,12135,15776,15776,16382,16383,16989,16989,17596,17596,NO,actualizado
"JX605","Vinilo Acrílico Aaa 1/4 Verde Ensueño",12135.2,12135,15776,15776,16382,16383,16989,16989,17596,17596,NO,actualizado
"JX604","Vinilo Acrilico Aaa 1/4 Verde Jamaiquino",12135.2,12135,15776,15776,16382,16383,16989,16989,17596,17596,NO,actualizado
"JX603","Vinilo Acrilico Aaa 1/4 Verde Primaveral",12135.2,12135,15776,15776,16382,16383,16989,16989,17596,17596,NO,actualizado
"JX601","Vinilo Acrílico Aaa 1/4 Verde Oscuro",12135.2,12135,15776,15776,16382,16383,16989,16989,17596,17596,NO,actualizado
"JX502","Vinilo Acrílico Aaa 1/4 Gris Basalto",12135.2,12135,15776,15776,16382,16383,16989,16989,17596,17596,NO,actualizado
"JX501","Vinilo Acrílico Aaa 1/4 Gris Nube",12135.2,12135,15776,15776,16382,16383,16989,16989,17596,17596,NO,actualizado
"JX400","Vinilo Acrílico Aaa 1/4 Negro",12135.2,12135,15776,15776,16382,16383,16989,16989,17596,17596,NO,actualizado
"JX300","Vinilo Acrílico Aaa 1/4 Blanco",12135.2,12135,15776,15776,16382,16383,16989,16989,17596,17596,NO,actualizado
"JX208","Vinilo Acrilico Aaa 1/4 Rojo Emocion",12135.2,12135,15776,15776,16382,16383,16989,16989,17596,17596,NO,actualizado
"JX202","Vinilo Acrilico Aaa 1/4 Mora",12135.2,12135,15776,15776,16382,16383,16989,16989,17596,17596,NO,actualizado
"JX200","Vinilo Acrilico Aaa 1/4 Rojo",12135.2,12135,15776,15776,16382,16383,16989,16989,17596,17596,NO,actualizado
"JX108","Vinilo Acrilico Aaa 1/4 Azul Teja",12135.2,12135,15776,15776,16382,16383,16989,16989,17596,17596,NO,actualizado
"JX100","Vinilo Acrílico Aaa 1/4 Azul",12135.2,12135,15776,15776,16382,16383,16989,16989,17596,17596,NO,actualizado
"JX07","Vinilo Tipo Aaa  1/4 Trigo",12135.2,12135,15776,15776,16382,16383,16989,16989,17596,17596,NO,actualizado
"JX06","Vinilo Acrilico Aaa 1/4 Ocre",12135.2,12135,15776,15776,16382,16383,16989,16989,17596,17596,NO,actualizado
"JX03","Vinilo Acrílico Aaa 1/4 Amarillo Fusion",12135.2,12135,15776,15776,16382,16383,16989,16989,17596,17596,NO,actualizado
"JX01","Vinilo Acrílico Aaa 1/4 Amarillo",12135.2,12135,15776,15776,16382,16383,16989,16989,17596,17596,NO,actualizado
"JT305","Vinilo Acrílico Aaa  Tambor Blanco Manzana",2069734,2069734,2690654,2690654,2794141,2794141,2897628,2897628,3001114,3001114,NO,sin_cambio_base
"JG916","Vinilo Acrílico Aaa Galón Cipres",41082.4,41082,53407,53407,55461,55461,57515,57515,59569,59569,NO,actualizado
"JG906","Vinilo Acrílico Aaa Galón Castaño",41082.4,41082,53407,53407,55461,55461,57515,57515,59569,59569,NO,actualizado
"JG900","Vinilo Acrílico Aaa Galón Champaña",41082.4,41082,53407,53407,55461,55461,57515,57515,59569,59569,NO,actualizado
"JG803","Vinilo Acrílico Aaa Galón Uva",41082.4,41082,53407,53407,55461,55461,57515,57515,59569,59569,NO,actualizado
"JG802","Vinilo Acrílico Aaa Galón Lila",41082.4,41082,53407,53407,55461,55461,57515,57515,59569,59569,NO,actualizado
"JG801","Vinilo Acrílico Aaa Galón Morado",41082.4,41082,53407,53407,55461,55461,57515,57515,59569,59569,NO,actualizado
"JG800","Vinilo Acrílico Aaa Galón Violeta",41082.4,41082,53407,53407,55461,55461,57515,57515,59569,59569,NO,actualizado
"JG709","Vinilo Acrílico Aaa Galón Naranja Teja",41082.4,41082,53407,53407,55461,55461,57515,57515,59569,59569,NO,actualizado
"JG708","Vinilo Acrílico Aaa Galón Thai",41082.4,41082,53407,53407,55461,55461,57515,57515,59569,59569,NO,actualizado
"JG707","Vinilo Acrílico Aaa Galón Poma Rosa",41082.4,41082,53407,53407,55461,55461,57515,57515,59569,59569,NO,actualizado
"JG706","Vinilo Acrílico Aaa Galón Palo De Rosa",41082.4,41082,53407,53407,55461,55461,57515,57515,59569,59569,NO,actualizado
"JG705","Vinilo Acrílico Aaa Galón Curuba",41082.4,41082,53407,53407,55461,55461,57515,57515,59569,59569,NO,actualizado
"JG704","Vinilo Acrílico Aaa Galón Melon",41082.4,41082,53407,53407,55461,55461,57515,57515,59569,59569,NO,actualizado
"JG703","Vinilo Acrílico Aaa Galón Mandarina Tropical",41082.4,41082,53407,53407,55461,55461,57515,57515,59569,59569,NO,actualizado
"JG702","Vinilo Acrílico Aaa Galón Naranja Chic",41082.4,41082,53407,53407,55461,55461,57515,57515,59569,59569,NO,actualizado
"JG701","Vinilo Acrílico Aaa Galón Naranja Tropical",41082.4,41082,53407,53407,55461,55461,57515,57515,59569,59569,NO,actualizado
"JG700","Vinilo Acrílico Aaa Galón Naranja",41082.4,41082,53407,53407,55461,55461,57515,57515,59569,59569,NO,actualizado
"JG620","Vinilo Acrilico Aaa Galón Verde Amazonas",41082.4,41082,53407,53407,55461,55461,57515,57515,59569,59569,NO,actualizado
"JG619","Vinilo Acrílico Aaa Galón Verde Tropical",41082.4,41082,53407,53407,55461,55461,57515,57515,59569,59569,NO,actualizado
"JG618","Vinilo Acrílico Aaa Galón Verde Teja",41082.4,41082,53407,53407,55461,55461,57515,57515,59569,59569,NO,actualizado
"JG617","Vinilo Acrílico Aaa Galón Verde Aceituna",41082.4,41082,53407,53407,55461,55461,57515,57515,59569,59569,NO,actualizado
"JG616","Vinilo Acrílico Aaa Galón Verde Navidad",41082.4,41082,53407,53407,55461,55461,57515,57515,59569,59569,NO,actualizado
"JG615","Vinilo Acrílico Aaa Galón Menta Fresca",41082.4,41082,53407,53407,55461,55461,57515,57515,59569,59569,NO,actualizado
"JG611","Vinilo Acrílico Aaa Galón Verde Pino",41082.4,41082,53407,53407,55461,55461,57515,57515,59569,59569,NO,actualizado
"JG610","Vinilo Acrílico Aaa Galón Verde Manzana",41082.4,41082,53407,53407,55461,55461,57515,57515,59569,59569,NO,actualizado
"JG609","Vinilo Acrílico Aaa Galón Verde Seda",41082.4,41082,53407,53407,55461,55461,57515,57515,59569,59569,NO,actualizado
"JG608","Vinilo Acrílico Aaa Galón Verde Agua",41082.4,41082,53407,53407,55461,55461,57515,57515,59569,59569,NO,actualizado
"JG607","Vinilo Acrílico Aaa Galón Verde Chartreuse",41082.4,41082,53407,53407,55461,55461,57515,57515,59569,59569,NO,actualizado
"JG606","Vinilo Acrílico Aaa Galón  Verde Cariñoso",41082.4,41082,53407,53407,55461,55461,57515,57515,59569,59569,NO,actualizado
"JG605","Vinilo Acrílico Aaa Galón Verde Ensueño",41082.4,41082,53407,53407,55461,55461,57515,57515,59569,59569,NO,actualizado
"JG604","Vinilo Acrílico Aaa Galón Verde Jamaiquino",41082.4,41082,53407,53407,55461,55461,57515,57515,59569,59569,NO,actualizado
"JG603","Vinilo Acrílico Aaa Galón Verde Primaveral",41082.4,41082,53407,53407,55461,55461,57515,57515,59569,59569,NO,actualizado
"JG602","Vinilo Acrílico Aaa Galón Verde Claro",41082.4,41082,53407,53407,55461,55461,57515,57515,59569,59569,NO,actualizado
"JG601","Vinilo Acrílico Aaa Galón Verde Oscuro",41082.4,41082,53407,53407,55461,55461,57515,57515,59569,59569,NO,actualizado
"JG511","Vinilo Acrílico Aaa Galón Gris Bajo Cero",41082.4,41082,53407,53407,55461,55461,57515,57515,59569,59569,NO,actualizado
"JG502","Vinilo Acrílico Aaa Galón Gris Basalto",41082.4,41082,53407,53407,55461,55461,57515,57515,59569,59569,NO,actualizado
"JG501","Vinilo Acrílico Aaa Galón Gris Nube",41082.4,41082,53407,53407,55461,55461,57515,57515,59569,59569,NO,actualizado
"JG400","Vinilo Acrílico Aaa Galón Negro",41082.4,41082,53407,53407,55461,55461,57515,57515,59569,59569,NO,actualizado
"JG305","Vinilo Acrílico Aaa Galón Blanco Manzana",41082.4,41082,53407,53407,55461,55461,57515,57515,59569,59569,NO,actualizado
"JG304","Vinilo Acrílico Aaa Galón Crema",41082.4,41082,53407,53407,55461,55461,57515,57515,59569,59569,NO,actualizado
"JG303","Vinilo Acrílico Aaa Galón Blanco Hueso",41082.4,41082,53407,53407,55461,55461,57515,57515,59569,59569,NO,actualizado
"JG302","Vinilo Acrílico Aaa Galón Blanco Ostra",41082.4,41082,53407,53407,55461,55461,57515,57515,59569,59569,NO,actualizado
"JG301","Vinilo Acrílico Aaa Galón Blanco Almendra",41082.4,41082,53407,53407,55461,55461,57515,57515,59569,59569,NO,actualizado
"JG300","Vinilo Acrílico Aaa Galón Blanco",41082.4,41082,53407,53407,55461,55461,57515,57515,59569,59569,NO,actualizado
"JG216","Vinilo Acrílico Aaa Galón Rojo Ladrillo",41082.4,41082,53407,53407,55461,55461,57515,57515,59569,59569,NO,actualizado
"JG215","Vinilo Acrílico Aaa Galón Magenta",41082.4,41082,53407,53407,55461,55461,57515,57515,59569,59569,NO,actualizado
"JG209","Vinilo Acrílico Aaa Galón Rojo Teja",41082.4,41082,53407,53407,55461,55461,57515,57515,59569,59569,NO,actualizado
"JG208","Vinilo Acrílico Aaa Galón Rojo Emocion",41082.4,41082,53407,53407,55461,55461,57515,57515,59569,59569,NO,actualizado
"JG207","Vinilo Acrílico Aaa Galón Vinotinto",41082.4,41082,53407,53407,55461,55461,57515,57515,59569,59569,NO,actualizado
"JG204","Vinilo Acrílico Aaa Galón Terracota",41082.4,41082,53407,53407,55461,55461,57515,57515,59569,59569,NO,actualizado
"JG203","Vinilo Acrílico Aaa Galón Arrecife",41082.4,41082,53407,53407,55461,55461,57515,57515,59569,59569,NO,actualizado
"JG202","Vinilo Acrílico Aaa Galón Mora",41082.4,41082,53407,53407,55461,55461,57515,57515,59569,59569,NO,actualizado
"JG201","Vinilo Acrílico Aaa Galón Rojo Colonial",41082.4,41082,53407,53407,55461,55461,57515,57515,59569,59569,NO,actualizado
"JG200","Vinilo Acrílico Aaa Galón Rojo",41082.4,41082,53407,53407,55461,55461,57515,57515,59569,59569,NO,actualizado
"JG12","Vinilo Acrílico Aaa Galón  Amarillo Otoñal",41082.4,41082,53407,53407,55461,55461,57515,57515,59569,59569,NO,actualizado
"JG108","Vinilo Acrílico Aaa Galón Azul Teja",41082.4,41082,53407,53407,55461,55461,57515,57515,59569,59569,NO,actualizado
"JG107","Vinilo Acrílico Aaa Galón Agua Marina",41082.4,41082,53407,53407,55461,55461,57515,57515,59569,59569,NO,actualizado
"JG106","Vinilo Acrílico Aaa Galón Azul Cielo",41082.4,41082,53407,53407,55461,55461,57515,57515,59569,59569,NO,actualizado
"JG105","Vinilo Acrílico Aaa Galón Azul Porcelana",41082.4,41082,53407,53407,55461,55461,57515,57515,59569,59569,NO,actualizado
"JG104","Vinilo Acrílico Aaa Galón Azul Celeste",41082.4,41082,53407,53407,55461,55461,57515,57515,59569,59569,NO,actualizado
"JG103","Vinilo Acrílico Aaa Galón  Azul Nordico",41082.4,41082,53407,53407,55461,55461,57515,57515,59569,59569,NO,actualizado
"JG102","Vinilo Acrílico Aaa Galón Azul Pacifico",41082.4,41082,53407,53407,55461,55461,57515,57515,59569,59569,NO,actualizado
"JG101","Vinilo Acrílico Aaa Galón Azul Milano",41082.4,41082,53407,53407,55461,55461,57515,57515,59569,59569,NO,actualizado
"JG100","Vinilo Acrílico Aaa Galón Azul",41082.4,41082,53407,53407,55461,55461,57515,57515,59569,59569,NO,actualizado
"JG07","Vinilo Acrílico Aaa Galón Trigo",41082.4,41082,53407,53407,55461,55461,57515,57515,59569,59569,NO,actualizado
"JG06","Vinilo Acrílico Aaa Galón Ocre",41082.4,41082,53407,53407,55461,55461,57515,57515,59569,59569,NO,actualizado
"JG05","Vinilo Acrílico Aaa Galón Camelia",41082.4,41082,53407,53407,55461,55461,57515,57515,59569,59569,NO,actualizado
"JG04","Vinilo Acrílico Aaa Galón Amarillo Oro",41082.4,41082,53407,53407,55461,55461,57515,57515,59569,59569,NO,actualizado
"JG03","Vinilo Acrílico Aaa Galón Amarillo Fusion",41082.4,41082,53407,53407,55461,55461,57515,57515,59569,59569,NO,actualizado
"JG02","Vinilo Acrílico Aaa Galón Amarillo Limon",41082.4,41082,53407,53407,55461,55461,57515,57515,59569,59569,NO,actualizado
"JG01","Vinilo Acrílico Aaa Galón Amarillo",41082.4,41082,53407,53407,55461,55461,57515,57515,59569,59569,NO,actualizado
"JC916","Vinilo Acrílico Aaa  Cuñete Cipres",198222.4,198222,257689,257689,267600,267600,277511,277511,287422,287422,NO,actualizado
"JC915","Vinilo Acrílico Aaa   Cuñete Tiramisu",198222.4,198222,257689,257689,267600,267600,277511,277511,287422,287422,NO,actualizado
"JC914","Vinilo Acrilico Aaa Cuñete Taupe Sw7038",198222.4,198222,257689,257689,267600,267600,277511,277511,287422,287422,NO,actualizado
"JC906","Vinilo Acrílico Aaa  Cuñete Castaño",198222.4,198222,257689,257689,267600,267600,277511,277511,287422,287422,NO,actualizado
"JC900","Vinilo Acrílico Aaa  Cuñete Champaña",198222.4,198222,257689,257689,267600,267600,277511,277511,287422,287422,NO,actualizado
"JC803","Vinilo Acrílico Aaa  Cuñete Uva",198222.4,198222,257689,257689,267600,267600,277511,277511,287422,287422,NO,actualizado
"JC802","Vinilo Acrílico Aaa  Cuñete  Lila",198222.4,198222,257689,257689,267600,267600,277511,277511,287422,287422,NO,actualizado
"JC801","Vinilo Acrílico Aaa  Cuñete Morado",198222.4,198222,257689,257689,267600,267600,277511,277511,287422,287422,NO,actualizado
"JC800","Vinilo Acrílico Aaa  Cuñete Violeta",198222.4,198222,257689,257689,267600,267600,277511,277511,287422,287422,NO,actualizado
"JC709","Vinilo Acrílico Aaa Cuñete Naranja Teja",198222.4,198222,257689,257689,267600,267600,277511,277511,287422,287422,NO,actualizado
"JC708","Vinilo Acrílico Aaa  Cuñete Thai",198222.4,198222,257689,257689,267600,267600,277511,277511,287422,287422,NO,actualizado
"JC707","Vinilo Acrílico Aaa  Cuñete Pomarosa",198222.4,198222,257689,257689,267600,267600,277511,277511,287422,287422,NO,actualizado
"JC706","Vinilo Acrílico Aaa  Cuñete Palo De Rosa",198222.4,198222,257689,257689,267600,267600,277511,277511,287422,287422,NO,actualizado
"JC705","Vinilo Acrílico Aaa  Cuñete Curuba",198222.4,198222,257689,257689,267600,267600,277511,277511,287422,287422,NO,actualizado
"JC704","Vinilo Acrílico Aaa Cuñete Melon",198222.4,198222,257689,257689,267600,267600,277511,277511,287422,287422,NO,actualizado
"JC703","Vinilo Acrílico Aaa  Cuñete Mandarina Tropical",198222.4,198222,257689,257689,267600,267600,277511,277511,287422,287422,NO,actualizado
"JC702","Vinilo Acrílico Aaa  Cuñete Naranja Chic",198222.4,198222,257689,257689,267600,267600,277511,277511,287422,287422,NO,actualizado
"JC701","Vinilo Acrílico Aaa  Cuñete Naranaja Tropical",198222.4,198222,257689,257689,267600,267600,277511,277511,287422,287422,NO,actualizado
"JC700","Vinilo Acrílico Aaa   Cuñete Naranja",198222.4,198222,257689,257689,267600,267600,277511,277511,287422,287422,NO,actualizado
"JC626","Vinilo Acrílico Aaa  Cuñete Musgo",198222.4,198222,257689,257689,267600,267600,277511,277511,287422,287422,NO,actualizado
"JC620","Vinilo Acrilico Aaa Cuñete Verde Amazonas",198222.4,198222,257689,257689,267600,267600,277511,277511,287422,287422,NO,actualizado
"JC619","Vinilo Acrílico Aaa  Cuñete Verde Tropical",198222.4,198222,257689,257689,267600,267600,277511,277511,287422,287422,NO,actualizado
"JC618","Vinilo Acrílico Aaa  Cuñete Verde Teja",198222.4,198222,257689,257689,267600,267600,277511,277511,287422,287422,NO,actualizado
"JC617","Vinilo Acrílico Aaa  Cuñete Verde Aceituna",198222.4,198222,257689,257689,267600,267600,277511,277511,287422,287422,NO,actualizado
"JC616","Vinilo Acrílico Aaa  Cuñete Verde Navidad",198222.4,198222,257689,257689,267600,267600,277511,277511,287422,287422,NO,actualizado
"JC615","Vinilo Acrílico Aaa  Cuñete Menta Fresca",198222.4,198222,257689,257689,267600,267600,277511,277511,287422,287422,NO,actualizado
"JC611","Vinilo Acrílico Aaa  Cuñete Verde Pìno",198222.4,198222,257689,257689,267600,267600,277511,277511,287422,287422,NO,actualizado
"JC610","Vinilo Acrílico Aaa  Cuñete Verde Manzana",198222.4,198222,257689,257689,267600,267600,277511,277511,287422,287422,NO,actualizado
"JC609","Vinilo Acrílico Aaa  Cuñete Verde Seda",198222.4,198222,257689,257689,267600,267600,277511,277511,287422,287422,NO,actualizado
"JC608","Vinilo Acrílico Aaa  Cuñete Verde Agua",198222.4,198222,257689,257689,267600,267600,277511,277511,287422,287422,NO,actualizado
"JC607","Vinilo Acrílico Aaa  Cuñete Verde Chartreuse",198222.4,198222,257689,257689,267600,267600,277511,277511,287422,287422,NO,actualizado
"JC606","Vinilo Acrílico Aaa  Cuñete Verde Cariñoso",198222.4,198222,257689,257689,267600,267600,277511,277511,287422,287422,NO,actualizado
"JC605","Vinilo Acrílico Aaa  Cuñete Verde Ensueño",198222.4,198222,257689,257689,267600,267600,277511,277511,287422,287422,NO,actualizado
"JC604","Vinilo Acrílico Aaa  Cuñete Verde Jaimaquino",198222.4,198222,257689,257689,267600,267600,277511,277511,287422,287422,NO,actualizado
"JC603","Vinilo Acrílico Aaa  Cuñete Verde Primaveral",198222.4,198222,257689,257689,267600,267600,277511,277511,287422,287422,NO,actualizado
"JC602","Vinilo Acrílico Aaa  Cuñete Verde Claro",198222.4,198222,257689,257689,267600,267600,277511,277511,287422,287422,NO,actualizado
"JC601","Vinilo Acrílico Aaa  Cuñete Verde Oscuro",198222.4,198222,257689,257689,267600,267600,277511,277511,287422,287422,NO,actualizado
"JC512","Vinilo Acrílico Aaa Cuñete Gris Cuarzo",198222.4,198222,257689,257689,267600,267600,277511,277511,287422,287422,NO,actualizado
"JC508","Vinilo Acrilico Aaa Cuñete Vc6002 Essential Gray",198222.4,198222,257689,257689,267600,267600,277511,277511,287422,287422,NO,actualizado
"JC505","Vinilo Acrílico Aaa Cuñete Gris Merengo",198222.4,198222,257689,257689,267600,267600,277511,277511,287422,287422,NO,actualizado
"JC502","Vinilo Acrílico Aaa  Cuñete Gris Basalto",198222.4,198222,257689,257689,267600,267600,277511,277511,287422,287422,NO,actualizado
"JC501","Vinilo Acrílico Aaa  Cuñete Gris Nube",198222.4,198222,257689,257689,267600,267600,277511,277511,287422,287422,NO,actualizado
"JC400","Vinilo Acrílico Aaa  Cuñete Negro",198222.4,198222,257689,257689,267600,267600,277511,277511,287422,287422,NO,actualizado
"JC314","Vinilo Acrílico Aaa  Cuñete Blanco Manzana",198222.4,198222,257689,257689,267600,267600,277511,277511,287422,287422,NO,actualizado
"JC313","Vinilo Acrilico Aaa Cuñete Blanco 9005",198222.4,198222,257689,257689,267600,267600,277511,277511,287422,287422,NO,actualizado
"JC304","Vinilo Acrílico Aaa  Cuñete Crema",198222.4,198222,257689,257689,267600,267600,277511,277511,287422,287422,NO,actualizado
"JC303","Vinilo Acrílico Aaa  Cuñete Blanco Hueso",198222.4,198222,257689,257689,267600,267600,277511,277511,287422,287422,NO,actualizado
"JC302","Vinilo Acrílico Aaa  Cuñete Blanco Ostra",198222.4,198222,257689,257689,267600,267600,277511,277511,287422,287422,NO,actualizado
"JC301","Vinilo Acrílico Aaa Cuñete Blanco Almendra",198222.4,198222,257689,257689,267600,267600,277511,277511,287422,287422,NO,actualizado
"JC300","Vinilo Acrílico Aaa  Cuñete Blanco",198222.4,198222,257689,257689,267600,267600,277511,277511,287422,287422,NO,actualizado
"JC216","Vinilo Acrílico Aaa  Cuñete Rojo Ladrillo",198222.4,198222,257689,257689,267600,267600,277511,277511,287422,287422,NO,actualizado
"JC215","Vinilo Acrílico Aaa  Cuñete Vestido De Flores",198222.4,198222,257689,257689,267600,267600,277511,277511,287422,287422,NO,actualizado
"JC210","Vinilo Acrilico Aaa Cuñete Coral",198222.4,198222,257689,257689,267600,267600,277511,277511,287422,287422,NO,actualizado
"JC209","Vinilo Acrílico Aaa  Cuñete Rojo Teja",198222.4,198222,257689,257689,267600,267600,277511,277511,287422,287422,NO,actualizado
"JC208","Vinilo Acrílico Aaa  Cuñete Rojo Emociòn",198222.4,198222,257689,257689,267600,267600,277511,277511,287422,287422,NO,actualizado
"JC204","Vinilo Acrílico Aaa  Cuñete Terracota",198222.4,198222,257689,257689,267600,267600,277511,277511,287422,287422,NO,actualizado
"JC203","Vinilo Acrílico Aaa  Cuñete Arrecife",198222.4,198222,257689,257689,267600,267600,277511,277511,287422,287422,NO,actualizado
"JC202","Vinilo Acrílico Aaa  Cuñete Mora",198222.4,198222,257689,257689,267600,267600,277511,277511,287422,287422,NO,actualizado
"JC201","Vinilo Acrílico Aaa  Cuñete Rojo Colonial",198222.4,198222,257689,257689,267600,267600,277511,277511,287422,287422,NO,actualizado
"JC200","Vinilo Acrílico Aaa  Cuñete Rojo",198222.4,198222,257689,257689,267600,267600,277511,277511,287422,287422,NO,actualizado
"JC13","Vinilo Acrílico Aaa  Cuñete Desierto",198222.4,198222,257689,257689,267600,267600,277511,277511,287422,287422,NO,actualizado
"JC12","Vinilo Acrílico Aaa  Cuñete Amarillo Otoñal",198222.4,198222,257689,257689,267600,267600,277511,277511,287422,287422,NO,actualizado
"JC115","Vinilo Acrílico Aaa  Cuñete Azul Petroleo",198222.4,198222,257689,257689,267600,267600,277511,277511,287422,287422,NO,actualizado
"JC114","Vinilo Acrílico Aaa  Cuñete Azul Español",198222.4,198222,257689,257689,267600,267600,277511,277511,287422,287422,NO,actualizado
"JC108","Vinilo Acrílico Aaa  Cuñete Azul Teja",198222.4,198222,257689,257689,267600,267600,277511,277511,287422,287422,NO,actualizado
"JC107","Vinilo Acrílico Aaa  Cuñete Agua Marina",198222.4,198222,257689,257689,267600,267600,277511,277511,287422,287422,NO,actualizado
"JC106","Vinilo Acrílico Aaa  Cuñete Azul Cielo",198222.4,198222,257689,257689,267600,267600,277511,277511,287422,287422,NO,actualizado
"JC105","Vinilo Acrílico Aaa  Cuñete Azul Porcelana",198222.4,198222,257689,257689,267600,267600,277511,277511,287422,287422,NO,actualizado
"JC104","Vinilo Acrílico Aaa  Cuñete Azul Celeste",198222.4,198222,257689,257689,267600,267600,277511,277511,287422,287422,NO,actualizado
"JC103","Vinilo Acrílico Aaa  Cuñete Azul Nordico",198222.4,198222,257689,257689,267600,267600,277511,277511,287422,287422,NO,actualizado
"JC102","Vinilo Acrílico Aaa  Cuñete Azul Pacifico",198222.4,198222,257689,257689,267600,267600,277511,277511,287422,287422,NO,actualizado
"JC101","Vinilo Acrílico Aaa  Cuñete Azul Milano",198222.4,198222,257689,257689,267600,267600,277511,277511,287422,287422,NO,actualizado
"JC100","Vinilo Acrílico Aaa  Cuñete Azul",198222.4,198222,257689,257689,267600,267600,277511,277511,287422,287422,NO,actualizado
"JC07","Vinilo Acrílico Aaa  Cuñete Trigo",198222.4,198222,257689,257689,267600,267600,277511,277511,287422,287422,NO,actualizado
"JC06","Vinilo Acrílico Aaa  Cuñete Ocre",198222.4,198222,257689,257689,267600,267600,277511,277511,287422,287422,NO,actualizado
"JC05","Vinilo Acrílico Aaa  Cuñete Camelia",198222.4,198222,257689,257689,267600,267600,277511,277511,287422,287422,NO,actualizado
"JC04","Vinilo Acrílico Aaa  Cuñete Amarillo Oro",198222.4,198222,257689,257689,267600,267600,277511,277511,287422,287422,NO,actualizado
"JC03","Vinilo Acrílico Aaa  Cuñete Amarillo Fusion",198222.4,198222,257689,257689,267600,267600,277511,277511,287422,287422,NO,actualizado
"JC02","Vinilo Acrílico Aaa  Cuñete Amarillo Limon",198222.4,198222,257689,257689,267600,267600,277511,277511,287422,287422,NO,actualizado
"JC01","Vinilo Acrílico Aaa  Cuñete Amarillo",198222.4,198222,257689,257689,267600,267600,277511,277511,287422,287422,NO,actualizado
"JB916","Vinilo Acrílico Aaa  1/2 Cuñete  Cipres",102176,102176,132829,132829,137938,137938,143046,143046,148155,148155,NO,sin_cambio_base
"JB915","Vinilo Acrílico Aaa  1/2 Cuñete Tiramisu",102176,102176,132829,132829,137938,137938,143046,143046,148155,148155,NO,sin_cambio_base
"JB906","Vinilo Acrílico Aaa  1/2 Cuñete Castaño",102176,102176,132829,132829,137938,137938,143046,143046,148155,148155,NO,sin_cambio_base
"JB900","Vinilo Acrílico Aaa  1/2 Cuñete Champaña",102176,102176,132829,132829,137938,137938,143046,143046,148155,148155,NO,sin_cambio_base
"JB803","Vinilo Acrílico Aaa  1/2 Cuñete Uva",102176,102176,132829,132829,137938,137938,143046,143046,148155,148155,NO,sin_cambio_base
"JB802","Vinilo Acrílico Aaa  1/2 Cuñete  Lila",102176,102176,132829,132829,137938,137938,143046,143046,148155,148155,NO,sin_cambio_base
"JB801","Vinilo Acrílico Aaa  1/2 Cuñete Morado",102176,102176,132829,132829,137938,137938,143046,143046,148155,148155,NO,sin_cambio_base
"JB800","Vinilo Acrílico Aaa  1/2 Cuñete Violeta",102176,102176,132829,132829,137938,137938,143046,143046,148155,148155,NO,sin_cambio_base
"JB709","Vinilo Acrílico Aaa  1/2 Cuñete Naranja Teja",102176,102176,132829,132829,137938,137938,143046,143046,148155,148155,NO,sin_cambio_base
"JB708","Vinilo Acrílico Aaa  1/2 Cuñete Thai",102176,102176,132829,132829,137938,137938,143046,143046,148155,148155,NO,sin_cambio_base
"JB707","Vinilo Acrílico Aaa  1/2 Cuñete Pomarosa",102176,102176,132829,132829,137938,137938,143046,143046,148155,148155,NO,sin_cambio_base
"JB706","Vinilo Acrílico Aaa  1/2 Cuñete Palo De Rosa",102176,102176,132829,132829,137938,137938,143046,143046,148155,148155,NO,sin_cambio_base
"JB705","Vinilo Acrílico Aaa  1/2 Cuñete Curuba",102176,102176,132829,132829,137938,137938,143046,143046,148155,148155,NO,sin_cambio_base
"JB704","Vinilo Acrílico Aaa  1/2 Cuñete Melon",102176,102176,132829,132829,137938,137938,143046,143046,148155,148155,NO,sin_cambio_base
"JB703","Vinilo Acrílico  Aaa  1/2 Cuñete Mandarina Tropical",102176,102176,132829,132829,137938,137938,143046,143046,148155,148155,NO,sin_cambio_base
"JB702","Vinilo Acrílico  Aaa  1/2 Cuñete Naranja Chic",102176,102176,132829,132829,137938,137938,143046,143046,148155,148155,NO,sin_cambio_base
"JB701","Vinilo Acrílico Aaa  1/2 Cuñete Naranja Tropical",102176,102176,132829,132829,137938,137938,143046,143046,148155,148155,NO,sin_cambio_base
"JB700","Vinilo Acrílico  Aaa  1/2 Cuñete Naranja",102176,102176,132829,132829,137938,137938,143046,143046,148155,148155,NO,sin_cambio_base
"JB619","Vinilo Acrílico  Aaa  1/2 Cuñete Verde Tropical",102176,102176,132829,132829,137938,137938,143046,143046,148155,148155,NO,sin_cambio_base
"JB618","Vinilo Acrílico Aaa  1/2 Cuñete Verde Teja",102176,102176,132829,132829,137938,137938,143046,143046,148155,148155,NO,sin_cambio_base
"JB617","Vinilo Acrílico  Aaa  1/2 Cuñete Verde Aceituna",102176,102176,132829,132829,137938,137938,143046,143046,148155,148155,NO,sin_cambio_base
"JB616","Vinilo Acrílico  Aaa  1/2 Cuñete Verde Navidad",102176,102176,132829,132829,137938,137938,143046,143046,148155,148155,NO,sin_cambio_base
"JB615","Vinilo Acrílico Aaa  1/2 Cuñete Menta Fresca",102176,102176,132829,132829,137938,137938,143046,143046,148155,148155,NO,sin_cambio_base
"JB611","Vinilo Acrílico  Aaa  1/2 Cuñete Verde Pìno",102176,102176,132829,132829,137938,137938,143046,143046,148155,148155,NO,sin_cambio_base
"JB610","Vinilo Acrílico Aaa  1/2 Cuñete Verde Manzana",102176,102176,132829,132829,137938,137938,143046,143046,148155,148155,NO,sin_cambio_base
"JB609","Vinilo Acrílico Aaa  1/2 Cuñete Verde Seda",102176,102176,132829,132829,137938,137938,143046,143046,148155,148155,NO,sin_cambio_base
"JB608","Vinilo Acrílico Aaa  1/2 Cuñete Verde Agua",102176,102176,132829,132829,137938,137938,143046,143046,148155,148155,NO,sin_cambio_base
"JB607","Vinilo Acrílico Aaa  1/2 Cuñete Verde Chartreuse",102176,102176,132829,132829,137938,137938,143046,143046,148155,148155,NO,sin_cambio_base
"JB606","Vinilo Acrílico Aaa  1/2 Cuñete Verde Cariñoso",102176,102176,132829,132829,137938,137938,143046,143046,148155,148155,NO,sin_cambio_base
"JB605","Vinilo Acrílico Aaa  1/2 Cuñete Verde Ensueño",102176,102176,132829,132829,137938,137938,143046,143046,148155,148155,NO,sin_cambio_base
"JB604","Vinilo Acrílico  Aaa  1/2 Cuñete Verde Jaimaquino",102176,102176,132829,132829,137938,137938,143046,143046,148155,148155,NO,sin_cambio_base
"JB603","Vinilo Acrílico  Aaa  1/2 Cuñete Verde Primaveral",102176,102176,132829,132829,137938,137938,143046,143046,148155,148155,NO,sin_cambio_base
"JB602","Vinilo Acrílico Aaa  1/2 Cuñete Verde Claro",102176,102176,132829,132829,137938,137938,143046,143046,148155,148155,NO,sin_cambio_base
"JB601","Vinilo Acrílico  Aaa  1/2 Cuñete Verde Oscuro",102176,102176,132829,132829,137938,137938,143046,143046,148155,148155,NO,sin_cambio_base
"JB502","Vinilo Acrílico  Aaa  1/2 Cuñete Gris Basalto",102176,102176,132829,132829,137938,137938,143046,143046,148155,148155,NO,sin_cambio_base
"JB501","Vinilo Acrílico Aaa  1/2 Cuñete Gris Nube",102176,102176,132829,132829,137938,137938,143046,143046,148155,148155,NO,sin_cambio_base
"JB400","Vinilo Acrílico Aaa  1/2 Cuñete Negro",102176,102176,132829,132829,137938,137938,143046,143046,148155,148155,NO,sin_cambio_base
"JB304","Vinilo Acrílico Aaa  1/2 Cuñete Crema",102176,102176,132829,132829,137938,137938,143046,143046,148155,148155,NO,sin_cambio_base
"JB303","Vinilo Acrílico Aaa  1/2 Cuñete Blanco Hueso",102176,102176,132829,132829,137938,137938,143046,143046,148155,148155,NO,sin_cambio_base
"JB302","Vinilo Acrílico Aaa  1/2 Cuñete Blanco Ostra",102176,102176,132829,132829,137938,137938,143046,143046,148155,148155,NO,sin_cambio_base
"JB301","Vinilo Acrílico Aaa  1/2 Cuñete Blanco Almendra",102176,102176,132829,132829,137938,137938,143046,143046,148155,148155,NO,sin_cambio_base
"JB300","Vinilo Acrílico  Aaa  1/2 Cuñete Blanco",102176,102176,132829,132829,137938,137938,143046,143046,148155,148155,NO,sin_cambio_base
"JB216","Vinilo Acrílico Aaa  1/2 Cuñete Rojo Ladrillo",102176,102176,132829,132829,137938,137938,143046,143046,148155,148155,NO,sin_cambio_base
"JB209","Vinilo Acrílico Aaa  1/2 Cuñete Rojo Teja",102176,102176,132829,132829,137938,137938,143046,143046,148155,148155,NO,sin_cambio_base
"JB208","Vinilo Acrílico Aaa  1/2 Cuñete Rojo Emociòn",102176,102176,132829,132829,137938,137938,143046,143046,148155,148155,NO,sin_cambio_base
"JB204","Vinilo Acrílico Aaa  1/2 Cuñete Terracota",102176,102176,132829,132829,137938,137938,143046,143046,148155,148155,NO,sin_cambio_base
"JB203","Vinilo Acrílico Aaa  1/2 Cuñete Arrecife",102176,102176,132829,132829,137938,137938,143046,143046,148155,148155,NO,sin_cambio_base
"JB202","Vinilo Acrílico Aaa  1/2 Cuñete Mora",102176,102176,132829,132829,137938,137938,143046,143046,148155,148155,NO,sin_cambio_base
"JB201","Vinilo Acrílico Aaa  1/2 Cuñete Rojo Colonial",102176,102176,132829,132829,137938,137938,143046,143046,148155,148155,NO,sin_cambio_base
"JB200","Vinilo Acrílico Aaa  1/2 Cuñete Rojo",102176,102176,132829,132829,137938,137938,143046,143046,148155,148155,NO,sin_cambio_base
"JB12","Vinilo Acrílico Aaa  1/2 Cuñete Amarillo Otoñal",102176,102176,132829,132829,137938,137938,143046,143046,148155,148155,NO,sin_cambio_base
"JB108","Vinilo Tipo Aaa  1/2 Cuñete Azul Teja",102176,102176,132829,132829,137938,137938,143046,143046,148155,148155,NO,sin_cambio_base
"JB107","Vinilo Acrílico Aaa  1/2 Cuñete Agua Marina",102176,102176,132829,132829,137938,137938,143046,143046,148155,148155,NO,sin_cambio_base
"JB106","Vinilo Acrílico Aaa  1/2 Cuñete Azul Cielo",102176,102176,132829,132829,137938,137938,143046,143046,148155,148155,NO,sin_cambio_base
"JB105","Vinilo Acrílico Aaa  1/2 Cuñete Azul Porcelana",102176,102176,132829,132829,137938,137938,143046,143046,148155,148155,NO,sin_cambio_base
"JB104","Vinilo Acrílico Aaa  1/2 Cuñete Azul Celeste",102176,102176,132829,132829,137938,137938,143046,143046,148155,148155,NO,sin_cambio_base
"JB103","Vinilo Acrílico Aaa  1/2 Cuñete Azul Nordico",102176,102176,132829,132829,137938,137938,143046,143046,148155,148155,NO,sin_cambio_base
"JB102","Vinilo Acrílico  Aaa  1/2 Cuñete Azul Pacifico",102176,102176,132829,132829,137938,137938,143046,143046,148155,148155,NO,sin_cambio_base
"JB101","Vinilo Acrílico  Aaa  1/2 Cuñete Azul Milano",102176,102176,132829,132829,137938,137938,143046,143046,148155,148155,NO,sin_cambio_base
"JB100","Vinilo Acrílico  Aaa  1/2 Cuñete Azul",102176,102176,132829,132829,137938,137938,143046,143046,148155,148155,NO,sin_cambio_base
"JB07","Vinilo Acrílico Aaa  1/2 Cuñete Trigo",102176,102176,132829,132829,137938,137938,143046,143046,148155,148155,NO,sin_cambio_base
"JB06","Vinilo Acrílico Aaa  1/2 Cuñete Ocre",102176,102176,132829,132829,137938,137938,143046,143046,148155,148155,NO,sin_cambio_base
"JB05","Vinilo Acrílico Aaa  1/2 Cuñete Camelia",102176,102176,132829,132829,137938,137938,143046,143046,148155,148155,NO,sin_cambio_base
"JB04","Vinilo Acrílico Aaa  1/2 Cuñete Amarillo Oro",102176,102176,132829,132829,137938,137938,143046,143046,148155,148155,NO,sin_cambio_base
"JB03","Vinilo Acrílico  Aaa  1/2 Cuñete Amarillo Fusion",102176,102176,132829,132829,137938,137938,143046,143046,148155,148155,NO,sin_cambio_base
"JB02","Vinilo Acrílico Aaa  1/2 Cuñete Amarillo Limon",102176,102176,132829,132829,137938,137938,143046,143046,148155,148155,NO,sin_cambio_base
"JB01","Vinilo Acrílico Aaa  1/2 Cuñete Amarillo",102176,102176,132829,132829,137938,137938,143046,143046,148155,148155,NO,sin_cambio_base
"IG917","Impermeabilizante Galón  Transparente",41370.8,41371,53782,53782,55851,55851,57919,57919,59988,59988,NO,actualizado
"IG600","Impermeabilizante Galón Verde",47834.8,47835,62186,62185,64577,64577,66969,66969,69361,69360,NO,actualizado
"IG500","Impermeabilizante Galón Gris",41370.8,41371,53782,53782,55851,55851,57919,57919,59988,59988,NO,actualizado
"IG400","Impermeabilizante Galón Negro",41370.8,41371,53782,53782,55851,55851,57919,57919,59988,59988,NO,actualizado
"IG300","Impermeabilizante Galón Blanco",41370.8,41371,53782,53782,55851,55851,57919,57919,59988,59988,NO,actualizado
"IG201","Impermeabilizante Galón Rojo Colonial",41370.8,41371,53782,53782,55851,55851,57919,57919,59988,59988,NO,actualizado
"IG100","Impermeabilizante Galón Azul",47834.8,47835,62186,62185,64577,64577,66969,66969,69361,69360,NO,actualizado
"IC917","Impermeabilizante Cuñete Transparente",180995.2,180995,235294,235294,244343,244344,253393,253393,262443,262443,NO,actualizado
"IC912","Impermeabilizante Cuñete Chocolate",222046,222046,288660,288660,299762,299762,310864,310864,321967,321967,NO,sin_cambio_base
"IC600","Impermeabilizante Cuñete Verde",214215.2,214215,278480,278480,289190,289191,299901,299901,310612,310612,NO,actualizado
"IC500","Impermeabilizante Cuñete Gris",180995.2,180995,235294,235294,244343,244344,253393,253393,262443,262443,NO,actualizado
"IC400","Impermeabilizante Cuñete Negro",180995.2,180995,235294,235294,244343,244344,253393,253393,262443,262443,NO,actualizado
"IC300","Impermeabilizante Cuñete Blanco",180995.2,180995,235294,235294,244343,244344,253393,253393,262443,262443,NO,actualizado
"IC201","Impermeabilizante Cuñete Rojo Colonial",180995.2,180995,235294,235294,244343,244344,253393,253393,262443,262443,NO,actualizado
"IC100","Impermeabilizante Cuñete Azul",214215.2,214215,278480,278480,289190,289191,299901,299901,310612,310612,NO,actualizado
"IC07","Impermeabilizante Cuñete Trigo",222046,222046,288660,288660,299762,299762,310864,310864,321967,321967,NO,sin_cambio_base
"IC","Impermeabilizante Cuñete",500000,500000,650000,650000,675000,675000,700000,700000,725000,725000,NO,sin_cambio_base
"IB208","Impermeabilizante 1/2 Cuñete Chocolate",75000,75000,97500,97500,101250,101250,105000,105000,108750,108750,NO,sin_cambio_base
"HT300","Vinilo Tipo Iii Primer Tambor Blanco",481895.2,481895,626464,626464,650558,650559,674653,674653,698748,698748,NO,actualizado
"HG913","Vinilo Tipo Iii Primer  Galón Marron",14253.2,14253,18529,18529,19242,19242,19954,19954,20667,20667,NO,actualizado
"HG912","Vinilo Tipo Iii Primer  Galón Chocolate",14253.2,14253,18529,18529,19242,19242,19954,19954,20667,20667,NO,actualizado
"HG911","Vinilo Tipo Iii Primer  Galón Sauce",14253.2,14253,18529,18529,19242,19242,19954,19954,20667,20667,NO,actualizado
"HG900","Vinilo Tipo Iii Primer  Galón Champaña",14253.2,14253,18529,18529,19242,19242,19954,19954,20667,20667,NO,actualizado
"HG704","Vinilo Tipo Iii Primer  Galón Melon",14253.2,14253,18529,18529,19242,19242,19954,19954,20667,20667,NO,actualizado
"HG625","Vinilo Tipo Iii Primer  Galón Verde Bruma",14253.2,14253,18529,18529,19242,19242,19954,19954,20667,20667,NO,actualizado
"HG624","Vinilo Tipo Iii Primer  Galón Verde Oliva",14253.2,14253,18529,18529,19242,19242,19954,19954,20667,20667,NO,actualizado
"HG623","Vinilo Tipo Iii Primer  Galón Verde Trebol",14253.2,14253,18529,18529,19242,19242,19954,19954,20667,20667,NO,actualizado
"HG622","Vinilo Tipo Iii Primer  Galón Verde Aromatico",14253.2,14253,18529,18529,19242,19242,19954,19954,20667,20667,NO,actualizado
"HG621","Vinilo Tipo Iii Primer  Galón Verde Herbal",14253.2,14253,18529,18529,19242,19242,19954,19954,20667,20667,NO,actualizado
"HG620","Vinilo Tipo Iii Primer  Galón Verde Complice",14253.2,14253,18529,18529,19242,19242,19954,19954,20667,20667,NO,actualizado
"HG610","Vinilo Tipo Iii Primer  Galón Verde Manzana",14253.2,14253,18529,18529,19242,19242,19954,19954,20667,20667,NO,actualizado
"HG609","Vinilo Tipo Iii Primer  Galón Verde Seda",14253.2,14253,18529,18529,19242,19242,19954,19954,20667,20667,NO,actualizado
"HG608","Vinilo Tipo Iii Primer  Galón Verde Agua",14253.2,14253,18529,18529,19242,19242,19954,19954,20667,20667,NO,actualizado
"HG602","Vinilo Tipo Iii Primer  Galón Verde Claro",14253.2,14253,18529,18529,19242,19242,19954,19954,20667,20667,NO,actualizado
"HG504","Vinilo Tipo Iii Primer  Galón Gris Estaño",14253.2,14253,18529,18529,19242,19242,19954,19954,20667,20667,NO,actualizado
"HG312","Vinilo Tipo Iii Primer  Galón Blanco Ilusion",14253.2,14253,18529,18529,19242,19242,19954,19954,20667,20667,NO,actualizado
"HG311","Vinilo Tipo Iii Primer  Galón Luz Tenue",14253.2,14253,18529,18529,19242,19242,19954,19954,20667,20667,NO,actualizado
"HG310","Vinilo Tipo Iii Primer  Galón Blanco Novia",14253.2,14253,18529,18529,19242,19242,19954,19954,20667,20667,NO,actualizado
"HG308","Vinilo Tipo Iii Primer  Galón Blanco  Arena",14253.2,14253,18529,18529,19242,19242,19954,19954,20667,20667,NO,actualizado
"HG307","Vinilo Tipo Iii Primer  Galón Blanca  Luna",14253.2,14253,18529,18529,19242,19242,19954,19954,20667,20667,NO,actualizado
"HG306","Vinilo Tipo Iii Primer  Galón Blanco Chantillí",14253.2,14253,18529,18529,19242,19242,19954,19954,20667,20667,NO,actualizado
"HG305","Vinilo Tipo Iii Primer  Galón Blanco Manzana",14253.2,14253,18529,18529,19242,19242,19954,19954,20667,20667,NO,actualizado
"HG303","Vinilo Tipo Iii Primer  Galón Blanco Hueso",14253.2,14253,18529,18529,19242,19242,19954,19954,20667,20667,NO,actualizado
"HG302","Vinilo Tipo Iii Primer  Galón Blanco Ostra",14253.2,14253,18529,18529,19242,19242,19954,19954,20667,20667,NO,actualizado
"HG301","Vinilo Tipo Iii Primer  Galón Blanco Almendra",14253.2,14253,18529,18529,19242,19242,19954,19954,20667,20667,NO,actualizado
"HG300","Vinilo Tipo Iii Primer Galón Blanco",14253.2,14253,18529,18529,19242,19242,19954,19954,20667,20667,NO,actualizado
"HG214","Vinilo Tipo Iii Primer  Galón Rojo Dulce",14253.2,14253,18529,18529,19242,19242,19954,19954,20667,20667,NO,actualizado
"HG213","Vinilo Tipo Iii Primer  Galón Rojo Flamenco",14253.2,14253,18529,18529,19242,19242,19954,19954,20667,20667,NO,actualizado
"HG212","Vinilo Tipo Iii Primer  Galón Rojo Tierra",14253.2,14253,18529,18529,19242,19242,19954,19954,20667,20667,NO,actualizado
"HG211","Vinilo Tipo Iii Primer Galón  Rojo Canela",14253.2,14253,18529,18529,19242,19242,19954,19954,20667,20667,NO,actualizado
"HG210","Vinilo Tipo Iii Primer  Galón Coral",14253.2,14253,18529,18529,19242,19242,19954,19954,20667,20667,NO,actualizado
"HG202","Vinilo Tipo Iii Primer  Galón Mora",14253.2,14253,18529,18529,19242,19242,19954,19954,20667,20667,NO,actualizado
"HG2","Vinilo Tipo Interior Galón Blanco",22425,22425,29153,29153,30274,30274,31395,31395,32516,32516,NO,sin_cambio_base
"HG113","Vinilo Tipo Iii Primer  Galón Azul Navegante",14253.2,14253,18529,18529,19242,19242,19954,19954,20667,20667,NO,actualizado
"HG112","Vinilo Tipo Iii Primer  Galón Cielo De Abril",14253.2,14253,18529,18529,19242,19242,19954,19954,20667,20667,NO,actualizado
"HG111","Vinilo Tipo Iii Primer Galón  Fiesta Del Mar",14253.2,14253,18529,18529,19242,19242,19954,19954,20667,20667,NO,actualizado
"HG110","Vinilo Tipo Iii Primer  Galón Azul Horizonte",14253.2,14253,18529,18529,19242,19242,19954,19954,20667,20667,NO,actualizado
"HG10","Vinilo Tipo Iii Primer Galón  Miel Mostaza",14253.2,14253,18529,18529,19242,19242,19954,19954,20667,20667,NO,actualizado
"HG09","Vinilo Tipo Iii Primer  Galón Luz De Oro",14253.2,14253,18529,18529,19242,19242,19954,19954,20667,20667,NO,actualizado
"HG08","Vinilo Tipo Iii Primer  Galón Sol De La Tarde",14253.2,14253,18529,18529,19242,19242,19954,19954,20667,20667,NO,actualizado
"HG05","Vinilo Tipo Iii Primer  Galón Camelia",14253.2,14253,18529,18529,19242,19242,19954,19954,20667,20667,NO,actualizado
"HC913","Vinilo Tipo Iii Primer Cuñete  Marron",55380.4,55380,71994,71995,74763,74764,77532,77533,80301,80302,NO,actualizado
"HC912","Vinilo Tipo Iii Primer Cuñete  Chocolate",55380.4,55380,71994,71995,74763,74764,77532,77533,80301,80302,NO,actualizado
"HC911","Vinilo Tipo Iii Primer Cuñete  Sauce",55380.4,55380,71994,71995,74763,74764,77532,77533,80301,80302,NO,actualizado
"HC900","Vinilo Tipo Iii Primer Cuñete Champaña",55380.4,55380,71994,71995,74763,74764,77532,77533,80301,80302,NO,actualizado
"HC704","Vinilo Tipo Iii Primer Cuñete Melon",55380.4,55380,71994,71995,74763,74764,77532,77533,80301,80302,NO,actualizado
"HC625","Vinilo Tipo Iii Primer Cuñete  Verde Bruma",55380.4,55380,71994,71995,74763,74764,77532,77533,80301,80302,NO,actualizado
"HC624","Vinilo Tipo Iii Primer Cuñete  Verde Oliva",55380.4,55380,71994,71995,74763,74764,77532,77533,80301,80302,NO,actualizado
"HC623","Vinilo Tipo Iii Primer Cuñete  Verde Trebol",55380.4,55380,71994,71995,74763,74764,77532,77533,80301,80302,NO,actualizado
"HC622","Vinilo Tipo Iii Primer Cuñete  Verde Aromatico",55380.4,55380,71994,71995,74763,74764,77532,77533,80301,80302,NO,actualizado
"HC621","Vinilo Tipo Iii Primer Cuñete  Verde Herbal",55380.4,55380,71994,71995,74763,74764,77532,77533,80301,80302,NO,actualizado
"HC620","Vinilo Tipo Iii Primer Cuñete  Verde Complice",55380.4,55380,71994,71995,74763,74764,77532,77533,80301,80302,NO,actualizado
"HC610","Vinilo Tipo Iii Primer Cuñete Verde Manzana",55380.4,55380,71994,71995,74763,74764,77532,77533,80301,80302,NO,actualizado
"HC609","Vinilo Tipo Iii Primer Cuñete Verde Seda",55380.4,55380,71994,71995,74763,74764,77532,77533,80301,80302,NO,actualizado
"HC608","Vinilo Tipo Iii Primer Cuñete Verde Agua",55380.4,55380,71994,71995,74763,74764,77532,77533,80301,80302,NO,actualizado
"HC602","Vinilo Tipo Iii Primer Cuñete Verde Claro",55380.4,55380,71994,71995,74763,74764,77532,77533,80301,80302,NO,actualizado
"HC504","Vinilo Tipo Iii Primer Cuñete  Gris Estaño",55380.4,55380,71994,71995,74763,74764,77532,77533,80301,80302,NO,actualizado
"HC312","Vinilo Tipo Iii Primer Cuñete  Blanco Ilusion",55380.4,55380,71994,71995,74763,74764,77532,77533,80301,80302,NO,actualizado
"HC311","Vinilo Tipo Iii Primer Cuñete  Luz Tenue",55380.4,55380,71994,71995,74763,74764,77532,77533,80301,80302,NO,actualizado
"HC310","Vinilo Tipo Iii Primer Cuñete  Blanco Novia",55380.4,55380,71994,71995,74763,74764,77532,77533,80301,80302,NO,actualizado
"HC308","Vinilo Tipo Iii Primer Cuñete Crema",55380.4,55380,71994,71995,74763,74764,77532,77533,80301,80302,NO,actualizado
"HC307","Vinilo Tipo Iii Primer Cuñete  Blanca  Luna",55380.4,55380,71994,71995,74763,74764,77532,77533,80301,80302,NO,actualizado
"HC306","Vinilo Tipo Iii Primer Cuñete  Blanco Chantillí",55380.4,55380,71994,71995,74763,74764,77532,77533,80301,80302,NO,actualizado
"HC305","Vinilo Tipo Iii Primer Cuñete  Blanco Manzana",55380.4,55380,71994,71995,74763,74764,77532,77533,80301,80302,NO,actualizado
"HC303","Vinilo Tipo Iii Primer Cuñete Blanco Hueso",55380.4,55380,71994,71995,74763,74764,77532,77533,80301,80302,NO,actualizado
"HC302","Vinilo Tipo Iii Primer Cuñete Blanco Ostra",55380.4,55380,71994,71995,74763,74764,77532,77533,80301,80302,NO,actualizado
"HC301","Vinilo Tipo Iii Primer Cuñete Blanco Almendra",55380.4,55380,71994,71995,74763,74764,77532,77533,80301,80302,NO,actualizado
"HC300","Vinilo Tipo Iii Primer Cuñete Blanco",55380.4,55380,71994,71995,74763,74764,77532,77533,80301,80302,NO,actualizado
"HC214","Vinilo Tipo Iii Primer Cuñete  Rojo Dulce",55380.4,55380,71994,71995,74763,74764,77532,77533,80301,80302,NO,actualizado
"HC213","Vinilo Tipo Iii Primer Cuñete Rojo Flamenco",55380.4,55380,71994,71995,74763,74764,77532,77533,80301,80302,NO,actualizado
"HC212","Vinilo Tipo Iii Primer Cuñete  Rojo Tierra",55380.4,55380,71994,71995,74763,74764,77532,77533,80301,80302,NO,actualizado
"HC211","Vinilo Tipo Iii Primer Cuñete  Rojo Canela",55380.4,55380,71994,71995,74763,74764,77532,77533,80301,80302,NO,actualizado
"HC210","Vinilo Tipo Iii Primer Cuñete  Coral",55380.4,55380,71994,71995,74763,74764,77532,77533,80301,80302,NO,actualizado
"HC202","Vinilo Tipo Iii Primer Cuñete Mora",55380.4,55380,71994,71995,74763,74764,77532,77533,80301,80302,NO,actualizado
"HC2","Vinilo Tipo Interior Cuñete Sin Litografia Recuperado",59230.9,59231,77000,77000,79962,79962,82923,82923,85885,85885,NO,actualizado
"HC113","Vinilo Tipo Iii Primer Cuñete  Azul Navegante",55380.4,55380,71994,71995,74763,74764,77532,77533,80301,80302,NO,actualizado
"HC112","Vinilo Tipo Iii Primer Cuñete  Cielo De Abril",55380.4,55380,71994,71995,74763,74764,77532,77533,80301,80302,NO,actualizado
"HC111","Vinilo Tipo Iii Primer Cuñete  Fiesta Del Mar",55380.4,55380,71994,71995,74763,74764,77532,77533,80301,80302,NO,actualizado
"HC110","Vinilo Tipo Iii Primer Cuñete  Azul Horizonte",55380.4,55380,71994,71995,74763,74764,77532,77533,80301,80302,NO,actualizado
"HC10","Vinilo Tipo Iii Primer Cuñete  Miel Mostaza",55380.4,55380,71994,71995,74763,74764,77532,77533,80301,80302,NO,actualizado
"HC1","Vinilo Tipo Iii Primer Cuñete Sin Litografia Nuevo",86000,86000,111800,111800,116100,116100,120400,120400,124700,124700,NO,sin_cambio_base
"HC09","Vinilo Tipo Iii Primer Cuñete  Luz De Oro",55380.4,55380,71994,71995,74763,74764,77532,77533,80301,80302,NO,actualizado
"HC08","Vinilo Tipo Iii Primer Cuñete  Sol De La Tarde",55380.4,55380,71994,71995,74763,74764,77532,77533,80301,80302,NO,actualizado
"HC05","Vinilo Tipo Iii Primer Cuñete Camelia",55380.4,55380,71994,71995,74763,74764,77532,77533,80301,80302,NO,actualizado
"HB913","Vinilo Tipo Iii Primer 1/2 Cuñete Marron",31900,31900,41470,41470,43065,43065,44660,44660,46255,46255,NO,sin_cambio_base
"HB912","Vinilo Tipo Iii Primer 1/2 Cuñete Chocolate",31900,31900,41470,41470,43065,43065,44660,44660,46255,46255,NO,sin_cambio_base
"HB911","Vinilo Tipo Iii Primer 1/2 Cuñete Sauce",31900,31900,41470,41470,43065,43065,44660,44660,46255,46255,NO,sin_cambio_base
"HB900","Vinilo Tipo Iii Primer 1/2 Cuñete Champaña",31900,31900,41470,41470,43065,43065,44660,44660,46255,46255,NO,sin_cambio_base
"HB704","Vinilo Tipo Iii Primer 1/2 Cuñete Melon",31900,31900,41470,41470,43065,43065,44660,44660,46255,46255,NO,sin_cambio_base
"HB625","Vinilo Tipo Iii Primer 1/2 Cuñete Verde Bruma",31900,31900,41470,41470,43065,43065,44660,44660,46255,46255,NO,sin_cambio_base
"HB624","Vinilo Tipo Iii Primer 1/2 Cuñete Verde Oliva",31900,31900,41470,41470,43065,43065,44660,44660,46255,46255,NO,sin_cambio_base
"HB623","Vinilo Tipo Iii Primer 1/2 Cuñete Verde Trebol",31900,31900,41470,41470,43065,43065,44660,44660,46255,46255,NO,sin_cambio_base
"HB622","Vinilo Tipo Iii Primer 1/2 Cuñete Verde Aromatico",31900,31900,41470,41470,43065,43065,44660,44660,46255,46255,NO,sin_cambio_base
"HB621","Vinilo Tipo Iii Primer 1/2 Cuñete Verde Herbal",31900,31900,41470,41470,43065,43065,44660,44660,46255,46255,NO,sin_cambio_base
"HB620","Vinilo Tipo Iii Primer 1/2 Cuñete Verde Complice",31900,31900,41470,41470,43065,43065,44660,44660,46255,46255,NO,sin_cambio_base
"HB610","Vinilo Tipo Iii Primer 1/2 Cuñete Verde Manzana",31900,31900,41470,41470,43065,43065,44660,44660,46255,46255,NO,sin_cambio_base
"HB609","Vinilo Tipo Iii Primer 1/2 Cuñete Verde Seda",31900,31900,41470,41470,43065,43065,44660,44660,46255,46255,NO,sin_cambio_base
"HB608","Vinilo Tipo Iii Primer 1/2 Cuñete Verde Agua",31900,31900,41470,41470,43065,43065,44660,44660,46255,46255,NO,sin_cambio_base
"HB602","Vinilo Tipo Iii Primer 1/2 Cuñete Verde Claro",31900,31900,41470,41470,43065,43065,44660,44660,46255,46255,NO,sin_cambio_base
"HB504","Vinilo Tipo Iii Primer 1/2 Cuñete Gris Estaño",31900,31900,41470,41470,43065,43065,44660,44660,46255,46255,NO,sin_cambio_base
"HB312","Vinilo Tipo Iii Primer 1/2 Cuñete Blanco Ilusion",31900,31900,41470,41470,43065,43065,44660,44660,46255,46255,NO,sin_cambio_base
"HB311","Vinilo Tipo Iii Primer 1/2 Cuñete Luz Tenue",31900,31900,41470,41470,43065,43065,44660,44660,46255,46255,NO,sin_cambio_base
"HB310","Vinilo Tipo Iii Primer 1/2 Cuñete Blanco Novia",31900,31900,41470,41470,43065,43065,44660,44660,46255,46255,NO,sin_cambio_base
"HB308","Vinilo Tipo Iii Primer 1/2 Cuñete Blanco  Arena",31900,31900,41470,41470,43065,43065,44660,44660,46255,46255,NO,sin_cambio_base
"HB307","Vinilo Tipo Iii Primer 1/2 Cuñete Blanca  Luna",31900,31900,41470,41470,43065,43065,44660,44660,46255,46255,NO,sin_cambio_base
"HB306","Vinilo Tipo Iii Primer 1/2 Cuñete Blanco Chantillí",31900,31900,41470,41470,43065,43065,44660,44660,46255,46255,NO,sin_cambio_base
"HB305","Vinilo Tipo Iii Primer 1/2 Cuñete Blanco Manzana",31900,31900,41470,41470,43065,43065,44660,44660,46255,46255,NO,sin_cambio_base
"HB303","Vinilo Tipo Iii Primer 1/2 Cuñete Blanco Hueso",31900,31900,41470,41470,43065,43065,44660,44660,46255,46255,NO,sin_cambio_base
"HB302","Vinilo Tipo Iii Primer 1/2 Cuñete Blanco Ostra",31900,31900,41470,41470,43065,43065,44660,44660,46255,46255,NO,sin_cambio_base
"HB301","Vinilo Tipo Iii Primer 1/2 Cuñete Blanco Almendra",31900,31900,41470,41470,43065,43065,44660,44660,46255,46255,NO,sin_cambio_base
"HB300","Vinilo Tipo Iii Primer 1/2 Cuñete Blanco",31900,31900,41470,41470,43065,43065,44660,44660,46255,46255,NO,sin_cambio_base
"HB214","Vinilo Tipo Iii Primer 1/2 Cuñete Rojo Dulce",31900,31900,41470,41470,43065,43065,44660,44660,46255,46255,NO,sin_cambio_base
"HB213","Vinilo Tipo Iii Primer 1/2 Cuñete Rojo Flamenco",31900,31900,41470,41470,43065,43065,44660,44660,46255,46255,NO,sin_cambio_base
"HB212","Vinilo Tipo Iii Primer 1/2 Cuñete Rojo Tierra",31900,31900,41470,41470,43065,43065,44660,44660,46255,46255,NO,sin_cambio_base
"HB211","Vinilo Tipo Iii Primer 1/2 Cuñete Rojo Canela",31900,31900,41470,41470,43065,43065,44660,44660,46255,46255,NO,sin_cambio_base
"HB210","Vinilo Tipo Iii Primer 1/2 Cuñete Coral",31900,31900,41470,41470,43065,43065,44660,44660,46255,46255,NO,sin_cambio_base
"HB202","Vinilo Tipo Iii Primer 1/2 Cuñete Mora",31900,31900,41470,41470,43065,43065,44660,44660,46255,46255,NO,sin_cambio_base
"HB2","Vinilo Tipo Interior 1/2 Cuñete Blanco",52542,52542,68305,68305,70932,70932,73559,73559,76186,76186,NO,sin_cambio_base
"HB113","Vinilo Tipo Iii Primer 1/2 Cuñete Azul Navegante",31900,31900,41470,41470,43065,43065,44660,44660,46255,46255,NO,sin_cambio_base
"HB112","Vinilo Tipo Iii Primer 1/2 Cuñete Cielo De Abril",31900,31900,41470,41470,43065,43065,44660,44660,46255,46255,NO,sin_cambio_base
"HB111","Vinilo Tipo Iii Primer 1/2 Cuñete Fiesta Del Mar",31900,31900,41470,41470,43065,43065,44660,44660,46255,46255,NO,sin_cambio_base
"HB110","Vinilo Tipo Iii Primer 1/2 Cuñete Azul Horizonte",31900,31900,41470,41470,43065,43065,44660,44660,46255,46255,NO,sin_cambio_base
"HB10","Vinilo Tipo Iii Primer 1/2 Cuñete Miel Mostaza",31900,31900,41470,41470,43065,43065,44660,44660,46255,46255,NO,sin_cambio_base
"HB09","Vinilo Tipo Iii Primer 1/2 Cuñete Luz De Oro",31900,31900,41470,41470,43065,43065,44660,44660,46255,46255,NO,sin_cambio_base
"HB08","Vinilo Tipo Iii Primer 1/2 Cuñete Sol De La Tarde",31900,31900,41470,41470,43065,43065,44660,44660,46255,46255,NO,sin_cambio_base
"HB05","Vinilo Tipo Iii Primer 1/2 Cuñete Camelia",31900,31900,41470,41470,43065,43065,44660,44660,46255,46255,NO,sin_cambio_base
"GX913","Vinilo Tipo 2 Obra 1/4 Marron",5769.2,5769,7500,7500,7788,7788,8077,8077,8365,8365,NO,actualizado
"GX912","Vinilo Tipo 2 Obra 1/4 Chocolate",5769.2,5769,7500,7500,7788,7788,8077,8077,8365,8365,NO,actualizado
"GX911","Vinilo Tipo 2 Obra 1/4 Sauce",5769.2,5769,7500,7500,7788,7788,8077,8077,8365,8365,NO,actualizado
"GX900","Vinilo Tipo 2 Obra 1/4 Champaña",5769.2,5769,7500,7500,7788,7788,8077,8077,8365,8365,NO,actualizado
"GX802","Vinilo Tipo 2 Obra 1/4 Lila",5769.2,5769,7500,7500,7788,7788,8077,8077,8365,8365,NO,actualizado
"GX707","Vinilo Tipo 2 Obra 1/4 Pomarosa",5769.2,5769,7500,7500,7788,7788,8077,8077,8365,8365,NO,actualizado
"GX706","Vinilo Tipo 2 Obra 1/4 Palo De Rosa",5769.2,5769,7500,7500,7788,7788,8077,8077,8365,8365,NO,actualizado
"GX705","Vinilo Tipo 2 Obra 1/4 Curuba",5769.2,5769,7500,7500,7788,7788,8077,8077,8365,8365,NO,actualizado
"GX704","Vinilo Tipo 2 Obra 1/4 Melon",5769.2,5769,7500,7500,7788,7788,8077,8077,8365,8365,NO,actualizado
"GX625","Vinilo Tipo 2 Obra 1/4 Verde Bruma",5769.2,5769,7500,7500,7788,7788,8077,8077,8365,8365,NO,actualizado
"GX624","Vinilo Tipo 2 Obra 1/4 Verde Oliva",5769.2,5769,7500,7500,7788,7788,8077,8077,8365,8365,NO,actualizado
"GX623","Vinilo Tipo 2 Obra 1/4 Verde Trebol",5769.2,5769,7500,7500,7788,7788,8077,8077,8365,8365,NO,actualizado
"GX622","Vinilo Tipo 2 Obra 1/4 Verde Aromatico",5769.2,5769,7500,7500,7788,7788,8077,8077,8365,8365,NO,actualizado
"GX621","Vinilo Tipo 2 Obra 1/4 Verde Herbal",5769.2,5769,7500,7500,7788,7788,8077,8077,8365,8365,NO,actualizado
"GX620","Vinilo Tipo 2 Obra 1/4 Verde Complice",5769.2,5769,7500,7500,7788,7788,8077,8077,8365,8365,NO,actualizado
"GX615","Vinilo Tipo 2 Obra 1/4 Menta Fresca",5769.2,5769,7500,7500,7788,7788,8077,8077,8365,8365,NO,actualizado
"GX610","Vinilo Tipo 2 Obra 1/4 Verde Manzana",5769.2,5769,7500,7500,7788,7788,8077,8077,8365,8365,NO,actualizado
"GX609","Vinilo Tipo 2 Obra 1/4 Verde Seda",5769.2,5769,7500,7500,7788,7788,8077,8077,8365,8365,NO,actualizado
"GX608","Vinilo Tipo 2 Obra 1/4 Verde Agua",5769.2,5769,7500,7500,7788,7788,8077,8077,8365,8365,NO,actualizado
"GX607","Vinilo Tipo 2 Obra 1/4 Verde Chartreuse",5769.2,5769,7500,7500,7788,7788,8077,8077,8365,8365,NO,actualizado
"GX602","Vinilo Tipo 2 Obra 1/4 Verde Claro",5769.2,5769,7500,7500,7788,7788,8077,8077,8365,8365,NO,actualizado
"GX504","Vinilo Tipo 2 Obra 1/4 Gris Estaño",5769.2,5769,7500,7500,7788,7788,8077,8077,8365,8365,NO,actualizado
"GX501","Vinilo Tipo 2 Obra 1/4 Gris Nube",5769.2,5769,7500,7500,7788,7788,8077,8077,8365,8365,NO,actualizado
"GX312","Vinilo Tipo 2 Obra 1/4 Blanco Ilusion",5769.2,5769,7500,7500,7788,7788,8077,8077,8365,8365,NO,actualizado
"GX311","Vinilo Tipo 2 Obra 1/4 Luz Tenue",5769.2,5769,7500,7500,7788,7788,8077,8077,8365,8365,NO,actualizado
"GX310","Vinilo Tipo 2 Obra 1/4 Blanco Novia",5769.2,5769,7500,7500,7788,7788,8077,8077,8365,8365,NO,actualizado
"GX308","Vinilo Tipo 2 Obra 1/4 Blanco  Arena",5769.2,5769,7500,7500,7788,7788,8077,8077,8365,8365,NO,actualizado
"GX307","Vinilo Tipo 2 Obra 1/4 Blanca  Luna",5769.2,5769,7500,7500,7788,7788,8077,8077,8365,8365,NO,actualizado
"GX306","Vinilo Tipo 2 Obra 1/4 Blanco Chantillí",5769.2,5769,7500,7500,7788,7788,8077,8077,8365,8365,NO,actualizado
"GX305","Vinilo Tipo 2 Obra 1/4 Blanco Manzana",5769.2,5769,7500,7500,7788,7788,8077,8077,8365,8365,NO,actualizado
"GX304","Vinilo Tipo 2 Obra 1/4 Crema",5769.2,5769,7500,7500,7788,7788,8077,8077,8365,8365,NO,actualizado
"GX303","Vinilo Tipo 2 Obra 1/4 Blanco Hueso",5769.2,5769,7500,7500,7788,7788,8077,8077,8365,8365,NO,actualizado
"GX302","Vinilo Tipo 2 Obra 1/4  Blanco Ostra",5769.2,5769,7500,7500,7788,7788,8077,8077,8365,8365,NO,actualizado
"GX301","Vinilo Tipo 2 Obra 1/4 Blanco Almendra",5769.2,5769,7500,7500,7788,7788,8077,8077,8365,8365,NO,actualizado
"GX300","Vinilo Tipo 2 Obra 1/4 Blanco",5769.2,5769,7500,7500,7788,7788,8077,8077,8365,8365,NO,actualizado
"GX214","Vinilo Tipo 2 Obra 1/4 Rojo Dulce",5769.2,5769,7500,7500,7788,7788,8077,8077,8365,8365,NO,actualizado
"GX213","Vinilo Tipo 2 Obra 1/4 Rojo Flamenco",5769.2,5769,7500,7500,7788,7788,8077,8077,8365,8365,NO,actualizado
"GX212","Vinilo Tipo 2 Obra 1/4 Rojo Tierra",5769.2,5769,7500,7500,7788,7788,8077,8077,8365,8365,NO,actualizado
"GX211","Vinilo Tipo 2 Obra 1/4 Rojo Canela",5769.2,5769,7500,7500,7788,7788,8077,8077,8365,8365,NO,actualizado
"GX210","Vinilo Tipo 2 Obra 1/4 Coral",5769.2,5769,7500,7500,7788,7788,8077,8077,8365,8365,NO,actualizado
"GX208","Vinilo Tipo 2 Obra 1/4 Rojo Emociòn",5769.2,5769,7500,7500,7788,7788,8077,8077,8365,8365,NO,actualizado
"GX202","Vinilo Tipo 2 Obra 1/4  Mora",5769.2,5769,7500,7500,7788,7788,8077,8077,8365,8365,NO,actualizado
"GX113","Vinilo Tipo 2 Obra 1/4 Azul Navegante",5769.2,5769,7500,7500,7788,7788,8077,8077,8365,8365,NO,actualizado
"GX112","Vinilo Tipo 2 Obra 1/4 Cielo De Abril",5769.2,5769,7500,7500,7788,7788,8077,8077,8365,8365,NO,actualizado
"GX111","Vinilo Tipo 2 Obra 1/4 Fiesta Del Mar",5769.2,5769,7500,7500,7788,7788,8077,8077,8365,8365,NO,actualizado
"GX110","Vinilo Tipo 2 Obra 1/4 Azul Horizonte",5769.2,5769,7500,7500,7788,7788,8077,8077,8365,8365,NO,actualizado
"GX106","Vinilo Tipo 2 Obra 1/4 Azul Cielo",5769.2,5769,7500,7500,7788,7788,8077,8077,8365,8365,NO,actualizado
"GX105","Vinilo Tipo 2 Obra 1/4 Azul Porcelana",5769.2,5769,7500,7500,7788,7788,8077,8077,8365,8365,NO,actualizado
"GX104","Vinilo Tipo 2 Obra 1/4 Azul Celeste",5769.2,5769,7500,7500,7788,7788,8077,8077,8365,8365,NO,actualizado
"GX10","Vinilo Tipo 2 Obra 1/4 Miel Mostaza",5769.2,5769,7500,7500,7788,7788,8077,8077,8365,8365,NO,actualizado
"GX09","Vinilo Tipo 2 Obra 1/4 Luz De Oro",5769.2,5769,7500,7500,7788,7788,8077,8077,8365,8365,NO,actualizado
"GX08","Vinilo Tipo 2 Obra 1/4 Sol De La Tarde",5769.2,5769,7500,7500,7788,7788,8077,8077,8365,8365,NO,actualizado
"GX05","Vinilo Tipo 2 Obra 1/4 Camelia",5769.2,5769,7500,7500,7788,7788,8077,8077,8365,8365,NO,actualizado
"GT300","Vinilo Tipo 2 Obra Tambor Blanco",719060.8,719061,934779,934779,970732,970732,1006685,1006685,1042638,1042638,NO,actualizado
"GJ900","Vinilo Tipo Cubriente 1/2 Galón Chapaña",7970.51,7971,10362,10362,10761,10760,11159,11159,11558,11557,NO,actualizado
"GJ802","Vinilo Tipo Cubriente 1/2 Galón Lila",7970.51,7971,10362,10362,10761,10760,11159,11159,11558,11557,NO,actualizado
"GJ707","Vinilo Tipo Cubriente 1/2 Galón Pomarosa",7970.51,7971,10362,10362,10761,10760,11159,11159,11558,11557,NO,actualizado
"GJ706","Vinilo Tipo Cubriente 1/2 Galón Palo De Rosa",7970.51,7971,10362,10362,10761,10760,11159,11159,11558,11557,NO,actualizado
"GJ705","Vinilo Tipo Cubriente 1/2 Galón Curuba",7970.51,7971,10362,10362,10761,10760,11159,11159,11558,11557,NO,actualizado
"GJ704","Vinilo Tipo Cubriente 1/2 Galón Melon",7970.51,7971,10362,10362,10761,10760,11159,11159,11558,11557,NO,actualizado
"GJ615","Vinilo Tipo Cubriente 1/2 Galón Menta Fresca",7970.51,7971,10362,10362,10761,10760,11159,11159,11558,11557,NO,actualizado
"GJ610","Vinilo Tipo Cubriente 1/2 Galón Verde Manzana",7970.51,7971,10362,10362,10761,10760,11159,11159,11558,11557,NO,actualizado
"GJ608","Vinilo Tipo Cubriente 1/2 Galón Verde Agua",7970.51,7971,10362,10362,10761,10760,11159,11159,11558,11557,NO,actualizado
"GJ607","Vinilo Tipo Cubriente 1/2 Galón Verde Chartreuse",7970.51,7971,10362,10362,10761,10760,11159,11159,11558,11557,NO,actualizado
"GJ602","Vinilo Tipo Cubriente 1/2 Galón Verde Claro",7970.51,7971,10362,10362,10761,10760,11159,11159,11558,11557,NO,actualizado
"GJ501","Vinilo Tipo Cubriente 1/2 Galón Gris Nube",7970.51,7971,10362,10362,10761,10760,11159,11159,11558,11557,NO,actualizado
"GJ304","Vinilo Tipo Cubriente 1/2 Galón Crema",7970.51,7971,10362,10362,10761,10760,11159,11159,11558,11557,NO,actualizado
"GJ303","Vinilo Tipo Cubriente 1/2 Galón Blanco Hueso",7970.51,7971,10362,10362,10761,10760,11159,11159,11558,11557,NO,actualizado
"GJ302","Vinilo Tipo Cubriente 1/2 Galón Blanco Ostra",7970.51,7971,10362,10362,10761,10760,11159,11159,11558,11557,NO,actualizado
"GJ301","Vinilo Tipo Cubriente 1/2 Galón Blanco Almendra",7970.51,7971,10362,10362,10761,10760,11159,11159,11558,11557,NO,actualizado
"GJ208","Vinilo Tipo Cubriente 1/2 Galón Rojo Emociòn",7970.51,7971,10362,10362,10761,10760,11159,11159,11558,11557,NO,actualizado
"GJ202","Vinilo Tipo Cubriente 1/2 Galón Mora",7970.51,7971,10362,10362,10761,10760,11159,11159,11558,11557,NO,actualizado
"GJ05","Vinilo Tipo Cubriente 1/2 Galón Camelia",7970.51,7971,10362,10362,10761,10760,11159,11159,11558,11557,NO,actualizado
"GG913","Vinilo Tipo 2 Obra Galón  Marron",19974,19974,25966,25966,26965,26965,27964,27964,28962,28962,NO,sin_cambio_base
"GG912","Vinilo Tipo 2 Obra Galón  Chocolate",19974,19974,25966,25966,26965,26965,27964,27964,28962,28962,NO,sin_cambio_base
"GG911","Vinilo Tipo 2 Obra Galón  Sauce",19974,19974,25966,25966,26965,26965,27964,27964,28962,28962,NO,sin_cambio_base
"GG900","Vinilo Tipo 2 Obra Galón Champaña",19974,19974,25966,25966,26965,26965,27964,27964,28962,28962,NO,sin_cambio_base
"GG802","Vinilo Tipo 2 Obra Galón Lila",19974,19974,25966,25966,26965,26965,27964,27964,28962,28962,NO,sin_cambio_base
"GG707","Vinilo Tipo 2 Obra Galón Pomarosa",19974,19974,25966,25966,26965,26965,27964,27964,28962,28962,NO,sin_cambio_base
"GG706","Vinilo Tipo 2 Obra Galón Palo De Rosa",19974,19974,25966,25966,26965,26965,27964,27964,28962,28962,NO,sin_cambio_base
"GG705","Vinilo Tipo 2 Obra Galón Curuba",19974,19974,25966,25966,26965,26965,27964,27964,28962,28962,NO,sin_cambio_base
"GG704","Vinilo Tipo 2 Obra Galón Melon",19974,19974,25966,25966,26965,26965,27964,27964,28962,28962,NO,sin_cambio_base
"GG625","Vinilo Tipo 2 Obra Galón  Verde Bruma",19974,19974,25966,25966,26965,26965,27964,27964,28962,28962,NO,sin_cambio_base
"GG624","Vinilo Tipo 2 Obra Galón  Verde Oliva",19974,19974,25966,25966,26965,26965,27964,27964,28962,28962,NO,sin_cambio_base
"GG623","Vinilo Tipo 2 Obra Galón  Verde Trebol",19974,19974,25966,25966,26965,26965,27964,27964,28962,28962,NO,sin_cambio_base
"GG622","Vinilo Tipo 2 Obra Galón  Verde Aromatico",19974,19974,25966,25966,26965,26965,27964,27964,28962,28962,NO,sin_cambio_base
"GG621","Vinilo Tipo 2 Obra Galón  Verde Herbal",19974,19974,25966,25966,26965,26965,27964,27964,28962,28962,NO,sin_cambio_base
"GG620","Vinilo Tipo 2 Obra Galón  Verde Complice",19974,19974,25966,25966,26965,26965,27964,27964,28962,28962,NO,sin_cambio_base
"GG615","Vinilo Tipo 2 Obra Galón Menta Fresca",19974,19974,25966,25966,26965,26965,27964,27964,28962,28962,NO,sin_cambio_base
"GG610","Vinilo Tipo 2 Obra Galón Verde Manzana",19974,19974,25966,25966,26965,26965,27964,27964,28962,28962,NO,sin_cambio_base
"GG609","Vinilo Tipo 2 Obra Galón Verde Seda",19974,19974,25966,25966,26965,26965,27964,27964,28962,28962,NO,sin_cambio_base
"GG608","Vinilo Tipo 2 Obra Galón Verde Agua",19974,19974,25966,25966,26965,26965,27964,27964,28962,28962,NO,sin_cambio_base
"GG607","Vinilo Tipo 2 Obra Galón Verde Chartreuse",19974,19974,25966,25966,26965,26965,27964,27964,28962,28962,NO,sin_cambio_base
"GG602","Vinilo Tipo 2 Obra Galón Verde Claro",19974,19974,25966,25966,26965,26965,27964,27964,28962,28962,NO,sin_cambio_base
"GG504","Vinilo Tipo 2 Obra Galón  Gris Estaño",19974,19974,25966,25966,26965,26965,27964,27964,28962,28962,NO,sin_cambio_base
"GG501","Vinilo Tipo 2 Obra Galón Gris Nube",19974,19974,25966,25966,26965,26965,27964,27964,28962,28962,NO,sin_cambio_base
"GG312","Vinilo Tipo 2 Obra Galón  Blanco Ilusion",19974,19974,25966,25966,26965,26965,27964,27964,28962,28962,NO,sin_cambio_base
"GG311","Vinilo Tipo 2 Obra Galón  Luz Tenue",19974,19974,25966,25966,26965,26965,27964,27964,28962,28962,NO,sin_cambio_base
"GG310","Vinilo Tipo 2 Obra Galón  Blanco Novia",19974,19974,25966,25966,26965,26965,27964,27964,28962,28962,NO,sin_cambio_base
"GG308","Vinilo Tipo 2 Obra Galón  Blanco  Arena",19974,19974,25966,25966,26965,26965,27964,27964,28962,28962,NO,sin_cambio_base
"GG307","Vinilo Tipo 2 Obra Galón  Blanca  Luna",19974,19974,25966,25966,26965,26965,27964,27964,28962,28962,NO,sin_cambio_base
"GG306","Vinilo Tipo 2 Obra Galón  Blanco Chantillí",19974,19974,25966,25966,26965,26965,27964,27964,28962,28962,NO,sin_cambio_base
"GG305","Vinilo Tipo 2 Obra Galón  Blanco Manzana",19974,19974,25966,25966,26965,26965,27964,27964,28962,28962,NO,sin_cambio_base
"GG304","Vinilo Tipo 2 Obra Galón Crema",19974,19974,25966,25966,26965,26965,27964,27964,28962,28962,NO,sin_cambio_base
"GG303","Vinilo Tipo 2 Obra Galón Blanco Hueso",19974,19974,25966,25966,26965,26965,27964,27964,28962,28962,NO,sin_cambio_base
"GG302","Vinilo Tipo 2 Obra Galón Blanco Ostra",19974,19974,25966,25966,26965,26965,27964,27964,28962,28962,NO,sin_cambio_base
"GG301","Vinilo Tipo 2 Obra Galón Blanco Almendra",19974,19974,25966,25966,26965,26965,27964,27964,28962,28962,NO,sin_cambio_base
"GG300","Vinilo Tipo 2 Obra Galón Blanco",19974,19974,25966,25966,26965,26965,27964,27964,28962,28962,NO,sin_cambio_base
"GG214","Vinilo Tipo 2 Obra Galón  Rojo Dulce",19974,19974,25966,25966,26965,26965,27964,27964,28962,28962,NO,sin_cambio_base
"GG213","Vinilo Tipo 2 Obra Galón Rojo Flamenco",19974,19974,25966,25966,26965,26965,27964,27964,28962,28962,NO,sin_cambio_base
"GG212","Vinilo Tipo 2 Obra Galón  Rojo Tierra",19974,19974,25966,25966,26965,26965,27964,27964,28962,28962,NO,sin_cambio_base
"GG211","Vinilo Tipo 2 Obra Galón  Rojo Canela",19974,19974,25966,25966,26965,26965,27964,27964,28962,28962,NO,sin_cambio_base
"GG210","Vinilo Tipo 2 Obra Galón  Coral",19974,19974,25966,25966,26965,26965,27964,27964,28962,28962,NO,sin_cambio_base
"GG208","Vinilo Tipo 2 Obra Galón Rojo Emociòn",19974,19974,25966,25966,26965,26965,27964,27964,28962,28962,NO,sin_cambio_base
"GG202","Vinilo Tipo 2 Obra Galón Mora",19974,19974,25966,25966,26965,26965,27964,27964,28962,28962,NO,sin_cambio_base
"GG2","Vinilo Tipo Cubriente  Galón Blanco",32175,32175,41828,41828,43436,43436,45045,45045,46654,46654,NO,sin_cambio_base
"GG113","Vinilo Tipo 2 Obra Galón  Azul Navegante",19974,19974,25966,25966,26965,26965,27964,27964,28962,28962,NO,sin_cambio_base
"GG112","Vinilo Tipo 2 Obra Galón  Cielo De Abril",19974,19974,25966,25966,26965,26965,27964,27964,28962,28962,NO,sin_cambio_base
"GG111","Vinilo Tipo 2 Obra Galón  Fiesta Del Mar",19974,19974,25966,25966,26965,26965,27964,27964,28962,28962,NO,sin_cambio_base
"GG110","Vinilo Tipo 2 Obra Galón  Azul Horizonte",19974,19974,25966,25966,26965,26965,27964,27964,28962,28962,NO,sin_cambio_base
"GG106","Vinilo Tipo 2 Obra Galón Azul Cielo",19974,19974,25966,25966,26965,26965,27964,27964,28962,28962,NO,sin_cambio_base
"GG105","Vinilo Tipo 2 Obra Galón Azul Porcelana",19974,19974,25966,25966,26965,26965,27964,27964,28962,28962,NO,sin_cambio_base
"GG104","Vinilo Tipo 2 Obra Galón Azul Celeste",19974,19974,25966,25966,26965,26965,27964,27964,28962,28962,NO,sin_cambio_base
"GG10","Vinilo Tipo 2 Obra Galón  Miel Mostaza",19974,19974,25966,25966,26965,26965,27964,27964,28962,28962,NO,sin_cambio_base
"GG09","Vinilo Tipo 2 Obra Galón  Luz De Oro",19974,19974,25966,25966,26965,26965,27964,27964,28962,28962,NO,sin_cambio_base
"GG08","Vinilo Tipo 2 Obra Galón  Sol De La Tarde",19974,19974,25966,25966,26965,26965,27964,27964,28962,28962,NO,sin_cambio_base
"GG05","Vinilo Tipo 2 Obra Galón Camelia",19974,19974,25966,25966,26965,26965,27964,27964,28962,28962,NO,sin_cambio_base
"GC912","Vinilo Tipo 2 Obra Cuñete  Chocolate",84556,84556,109923,109923,114151,114151,118378,118378,122606,122606,NO,sin_cambio_base
"GC911","Vinilo Tipo 2 Obra Cuñete  Sauce",84556,84556,109923,109923,114151,114151,118378,118378,122606,122606,NO,sin_cambio_base
"GC900","Vinilo Tipo 2 Obra Cuñete Champaña",84556,84556,109923,109923,114151,114151,118378,118378,122606,122606,NO,sin_cambio_base
"GC802","Vinilo Tipo 2 Obra Cuñete Lila",84556,84556,109923,109923,114151,114151,118378,118378,122606,122606,NO,sin_cambio_base
"GC707","Vinilo Tipo 2 Obra Cuñete Pomarosa",84556,84556,109923,109923,114151,114151,118378,118378,122606,122606,NO,sin_cambio_base
"GC706","Vinilo Tipo 2 Obra Cuñete Palo De Rosa",84556,84556,109923,109923,114151,114151,118378,118378,122606,122606,NO,sin_cambio_base
"GC705","Vinilo Tipo 2 Obra Cuñete Curuba",84556,84556,109923,109923,114151,114151,118378,118378,122606,122606,NO,sin_cambio_base
"GC704","Vinilo Tipo 2 Obra Cuñete Melon",84556,84556,109923,109923,114151,114151,118378,118378,122606,122606,NO,sin_cambio_base
"GC625","Vinilo Tipo 2 Obra Cuñete  Verde Bruma",84556,84556,109923,109923,114151,114151,118378,118378,122606,122606,NO,sin_cambio_base
"GC624","Vinilo Tipo 2 Obra Cuñete  Verde Oliva",84556,84556,109923,109923,114151,114151,118378,118378,122606,122606,NO,sin_cambio_base
"GC623","Vinilo Tipo 2 Obra Cuñete  Verde Trebol",84556,84556,109923,109923,114151,114151,118378,118378,122606,122606,NO,sin_cambio_base
"GC622","Vinilo Tipo 2 Obra Cuñete  Verde Aromatico",84556,84556,109923,109923,114151,114151,118378,118378,122606,122606,NO,sin_cambio_base
"GC621","Vinilo Tipo 2 Obra Cuñete  Verde Herbal",84556,84556,109923,109923,114151,114151,118378,118378,122606,122606,NO,sin_cambio_base
"GC620","Vinilo Tipo 2 Obra Cuñete  Verde Complice",84556,84556,109923,109923,114151,114151,118378,118378,122606,122606,NO,sin_cambio_base
"GC615","Vinilo Tipo 2 Obra Cuñete Menta Fresca",84556,84556,109923,109923,114151,114151,118378,118378,122606,122606,NO,sin_cambio_base
"GC610","Vinilo Tipo 2 Obra Cuñete Verde Manzana",84556,84556,109923,109923,114151,114151,118378,118378,122606,122606,NO,sin_cambio_base
"GC609","Vinilo Tipo 2 Obra Cuñete Verde Seda",84556,84556,109923,109923,114151,114151,118378,118378,122606,122606,NO,sin_cambio_base
"GC608","Vinilo Tipo 2 Obra Cuñete Verde Agua",84556,84556,109923,109923,114151,114151,118378,118378,122606,122606,NO,sin_cambio_base
"GC607","Vinilo Tipo 2 Obra Cuñete Verde Chartreuse",84556,84556,109923,109923,114151,114151,118378,118378,122606,122606,NO,sin_cambio_base
"GC602","Vinilo Tipo 2 Obra Cuñete Verde Claro",84556,84556,109923,109923,114151,114151,118378,118378,122606,122606,NO,sin_cambio_base
"GC504","Vinilo Tipo 2 Obra Cuñete  Gris Estaño",84556,84556,109923,109923,114151,114151,118378,118378,122606,122606,NO,sin_cambio_base
"GC501","Vinilo Tipo 2 Obra Cuñete Gris Nube",84556,84556,109923,109923,114151,114151,118378,118378,122606,122606,NO,sin_cambio_base
"GC400","Vinilo Tipo 2 Obra Cuñete  Negro",84556,84556,109923,109923,114151,114151,118378,118378,122606,122606,NO,sin_cambio_base
"GC312","Vinilo Tipo 2 Obra Cuñete  Blanco Ilusion",84556,84556,109923,109923,114151,114151,118378,118378,122606,122606,NO,sin_cambio_base
"GC311","Vinilo Tipo 2 Obra Cuñete  Luz Tenue",84556,84556,109923,109923,114151,114151,118378,118378,122606,122606,NO,sin_cambio_base
"GC310","Vinilo Tipo 2 Obra Cuñete  Blanco Novia",84556,84556,109923,109923,114151,114151,118378,118378,122606,122606,NO,sin_cambio_base
"GC308","Vinilo Tipo 2 Obra Cuñete  Blanco  Arena",84556,84556,109923,109923,114151,114151,118378,118378,122606,122606,NO,sin_cambio_base
"GC307","Vinilo Tipo 2 Obra Cuñete  Blanco  Luna",84556,84556,109923,109923,114151,114151,118378,118378,122606,122606,NO,sin_cambio_base
"GC306","Vinilo Tipo 2 Obra Cuñete  Blanco Chantillí",84556,84556,109923,109923,114151,114151,118378,118378,122606,122606,NO,sin_cambio_base
"GC305","Vinilo Tipo 2 Obra Cuñete  Blanco Manzana",84556,84556,109923,109923,114151,114151,118378,118378,122606,122606,NO,sin_cambio_base
"GC304","Vinilo Tipo 2 Obra Cuñete Crema",84556,84556,109923,109923,114151,114151,118378,118378,122606,122606,NO,sin_cambio_base
"GC303","Vinilo Tipo 2 Obra Cuñete Blanco Hueso",84556,84556,109923,109923,114151,114151,118378,118378,122606,122606,NO,sin_cambio_base
"GC302","Vinilo Tipo 2 Obra Cuñete Blanco Ostra",84556,84556,109923,109923,114151,114151,118378,118378,122606,122606,NO,sin_cambio_base
"GC301","Vinilo Tipo 2 Obra Cuñete Blanco Almendra",84556,84556,109923,109923,114151,114151,118378,118378,122606,122606,NO,sin_cambio_base
"GC300","Vinilo Tipo 2 Obra Cuñete Blanco",84556,84556,109923,109923,114151,114151,118378,118378,122606,122606,NO,sin_cambio_base
"GC214","Vinilo Tipo 2 Obra Cuñete  Rojo Dulce",84556,84556,109923,109923,114151,114151,118378,118378,122606,122606,NO,sin_cambio_base
"GC213","Vinilo Tipo 2 Obra Cuñete Rojo Flamenco",84556,84556,109923,109923,114151,114151,118378,118378,122606,122606,NO,sin_cambio_base
"GC212","Vinilo Tipo 2 Obra Cuñete  Rojo Tierra",84556,84556,109923,109923,114151,114151,118378,118378,122606,122606,NO,sin_cambio_base
"GC211","Vinilo Tipo 2 Obra Cuñete  Rojo Canela",84556,84556,109923,109923,114151,114151,118378,118378,122606,122606,NO,sin_cambio_base
"GC210","Vinilo Tipo 2 Obra Cuñete  Coral",84556,84556,109923,109923,114151,114151,118378,118378,122606,122606,NO,sin_cambio_base
"GC208","Vinilo Tipo 2 Obra Cuñete Rojo Emociòn",84556,84556,109923,109923,114151,114151,118378,118378,122606,122606,NO,sin_cambio_base
"GC202","Vinilo Tipo 2 Obra Cuñete Mora",81231,81231,105600,105600,109662,109662,113723,113723,117785,117785,NO,sin_cambio_base
"GC2","Vinilo Tipo 2 Obra Cuñete Blanco Sin Litrografia Recuperado",81231,81231,105600,105600,109662,109662,113723,113723,117785,117785,NO,sin_cambio_base
"GC113","Vinilo Tipo 2 Obra Cuñete  Azul Navegante",84556,84556,109923,109923,114151,114151,118378,118378,122606,122606,NO,sin_cambio_base
"GC112","Vinilo Tipo 2 Obra Cuñete  Cielo De Abril",84556,84556,109923,109923,114151,114151,118378,118378,122606,122606,NO,sin_cambio_base
"GC111","Vinilo Tipo 2 Obra Cuñete  Fiesta Del Mar",84556,84556,109923,109923,114151,114151,118378,118378,122606,122606,NO,sin_cambio_base
"GC110","Vinilo Tipo 2 Obra Cuñete  Azul Horizonte",84556,84556,109923,109923,114151,114151,118378,118378,122606,122606,NO,sin_cambio_base
"GC106","Vinilo Tipo 2 Obra Cuñete Azul Cielo",84556,84556,109923,109923,114151,114151,118378,118378,122606,122606,NO,sin_cambio_base
"GC105","Vinilo Tipo 2 Obra Cuñete Azul Porcelana",84556,84556,109923,109923,114151,114151,118378,118378,122606,122606,NO,sin_cambio_base
"GC104","Vinilo Tipo 2 Obra Cuñete Azul Celeste",84556,84556,109923,109923,114151,114151,118378,118378,122606,122606,NO,sin_cambio_base
"GC10","Vinilo Tipo 2 Obra Cuñete  Miel Mostaza",84556,84556,109923,109923,114151,114151,118378,118378,122606,122606,NO,sin_cambio_base
"GC1","Vinilo Tipo 2 Obra Cuñete Sin Litografia Blanco Nuevo",84556,84556,109923,109923,114151,114151,118378,118378,122606,122606,NO,sin_cambio_base
"GC09","Vinilo Tipo 2 Obra Cuñete  Luz De Oro",84556,84556,109923,109923,114151,114151,118378,118378,122606,122606,NO,sin_cambio_base
"GC08","Vinilo Tipo 2 Obra Cuñete  Sol De La Tarde",84556,84556,109923,109923,114151,114151,118378,118378,122606,122606,NO,sin_cambio_base
"GC07","Vinilo Tipo 2 Obra Cuñete  Trigo Oikos",84556,84556,109923,109923,114151,114151,118378,118378,122606,122606,NO,sin_cambio_base
"GC05","Vinilo Tipo 2 Obra Cuñete Camelia",84556,84556,109923,109923,114151,114151,118378,118378,122606,122606,NO,sin_cambio_base
"GB913","Vinilo Tipo 2 Obra 1/2 Cuñete Marron",47187.6,47188,61344,61344,63704,63703,66063,66063,68423,68422,NO,actualizado
"GB912","Vinilo Tipo 2 Obra 1/2 Cuñete Chocolate",47187.6,47188,61344,61344,63704,63703,66063,66063,68423,68422,NO,actualizado
"GB911","Vinilo Tipo 2 Obra 1/2 Cuñete Sauce",47187.6,47188,61344,61344,63704,63703,66063,66063,68423,68422,NO,actualizado
"GB900","Vinilo Tipo 2 Obra 1/2 Cuñete Champaña",47187.6,47188,61344,61344,63704,63703,66063,66063,68423,68422,NO,actualizado
"GB802","Vinilo Tipo 2 Obra 1/2 Cuñete Lila",47187.6,47188,61344,61344,63704,63703,66063,66063,68423,68422,NO,actualizado
"GB707","Vinilo Tipo 2 Obra 1/2 Cuñete Pomarosa",47187.6,47188,61344,61344,63704,63703,66063,66063,68423,68422,NO,actualizado
"GB706","Vinilo Tipo 2 Obra 1/2 Cuñete Palo De Rosa",47187.6,47188,61344,61344,63704,63703,66063,66063,68423,68422,NO,actualizado
"GB705","Vinilo Tipo 2 Obra 1/2 Cuñete Curuba",47187.6,47188,61344,61344,63704,63703,66063,66063,68423,68422,NO,actualizado
"GB704","Vinilo Tipo 2 Obra 1/2 Cuñete Melon",47187.6,47188,61344,61344,63704,63703,66063,66063,68423,68422,NO,actualizado
"GB625","Vinilo Tipo 2 Obra 1/2 Cuñete Verde Bruma",47187.6,47188,61344,61344,63704,63703,66063,66063,68423,68422,NO,actualizado
"GB624","Vinilo Tipo 2 Obra 1/2 Cuñete Verde Oliva",47187.6,47188,61344,61344,63704,63703,66063,66063,68423,68422,NO,actualizado
"GB623","Vinilo Tipo 2 Obra 1/2 Cuñete Verde Trebol",47187.6,47188,61344,61344,63704,63703,66063,66063,68423,68422,NO,actualizado
"GB622","Vinilo Tipo 2 Obra 1/2 Cuñete Verde Aromatico",47187.6,47188,61344,61344,63704,63703,66063,66063,68423,68422,NO,actualizado
"GB621","Vinilo Tipo 2 Obra 1/2 Cuñete Verde Herbal",47187.6,47188,61344,61344,63704,63703,66063,66063,68423,68422,NO,actualizado
"GB620","Vinilo Tipo 2 Obra 1/2 Cuñete Verde Complice",47187.6,47188,61344,61344,63704,63703,66063,66063,68423,68422,NO,actualizado
"GB615","Vinilo Tipo 2 Obra 1/2 Cuñete Menta Fresca",47187.6,47188,61344,61344,63704,63703,66063,66063,68423,68422,NO,actualizado
"GB610","Vinilo Tipo 2 Obra 1/2 Cuñete Verde Manzana",47187.6,47188,61344,61344,63704,63703,66063,66063,68423,68422,NO,actualizado
"GB609","Vinilo Tipo 2 Obra 1/2 Cuñete Verde Seda",47187.6,47188,61344,61344,63704,63703,66063,66063,68423,68422,NO,actualizado
"GB608","Vinilo Tipo 2 Obra 1/2 Cuñete Verde Agua",47187.6,47188,61344,61344,63704,63703,66063,66063,68423,68422,NO,actualizado
"GB607","Vinilo Tipo 2 Obra 1/2 Cuñete Verde Chartreuse",47187.6,47188,61344,61344,63704,63703,66063,66063,68423,68422,NO,actualizado
"GB602","Vinilo Tipo 2 Obra 1/2 Cuñete Verde Claro",47187.6,47188,61344,61344,63704,63703,66063,66063,68423,68422,NO,actualizado
"GB504","Vinilo Tipo 2 Obra 1/2 Cuñete Gris Estaño",47187.6,47188,61344,61344,63704,63703,66063,66063,68423,68422,NO,actualizado
"GB501","Vinilo Tipo 2 Obra 1/2 Cuñete Gris Nube",47187.6,47188,61344,61344,63704,63703,66063,66063,68423,68422,NO,actualizado
"GB312","Vinilo Tipo 2 Obra 1/2 Cuñete Blanco Ilusion",47187.6,47188,61344,61344,63704,63703,66063,66063,68423,68422,NO,actualizado
"GB311","Vinilo Tipo 2 Obra 1/2 Cuñete Luz Tenue",47187.6,47188,61344,61344,63704,63703,66063,66063,68423,68422,NO,actualizado
"GB310","Vinilo Tipo 2 Obra 1/2 Cuñete Blanco Novia",47187.6,47188,61344,61344,63704,63703,66063,66063,68423,68422,NO,actualizado
"GB308","Vinilo Tipo 2 Obra 1/2 Cuñete Blanco  Arena",47187.6,47188,61344,61344,63704,63703,66063,66063,68423,68422,NO,actualizado
"GB307","Vinilo Tipo 2 Obra 1/2 Cuñete Blanca  Luna",47187.6,47188,61344,61344,63704,63703,66063,66063,68423,68422,NO,actualizado
"GB306","Vinilo Tipo 2 Obra 1/2 Cuñete Blanco Chantillí",47187.6,47188,61344,61344,63704,63703,66063,66063,68423,68422,NO,actualizado
"GB305","Vinilo Tipo 2 Obra 1/2 Cuñete Blanco Manzana",47187.6,47188,61344,61344,63704,63703,66063,66063,68423,68422,NO,actualizado
"GB304","Vinilo Tipo 2 Obra 1/2 Cuñete Crema",47187.6,47188,61344,61344,63704,63703,66063,66063,68423,68422,NO,actualizado
"GB303","Vinilo Tipo 2 Obra 1/2 Cuñete Blanco Hueso",47187.6,47188,61344,61344,63704,63703,66063,66063,68423,68422,NO,actualizado
"GB302","Vinilo Tipo 2 Obra 1/2 Cuñete Blanco Ostra",47187.6,47188,61344,61344,63704,63703,66063,66063,68423,68422,NO,actualizado
"GB301","Vinilo Tipo 2 Obra 1/2 Cuñete Blanco Almendra",47187.6,47188,61344,61344,63704,63703,66063,66063,68423,68422,NO,actualizado
"GB300","Vinilo Tipo 2 Obra 1/2 Cuñete Blanco",47187.6,47188,61344,61344,63704,63703,66063,66063,68423,68422,NO,actualizado
"GB214","Vinilo Tipo 2 Obra 1/2 Cuñete Rojo Dulce",47187.6,47188,61344,61344,63704,63703,66063,66063,68423,68422,NO,actualizado
"GB213","Vinilo Tipo 2 Obra 1/2 Cuñete Rojo Flamenco",47187.6,47188,61344,61344,63704,63703,66063,66063,68423,68422,NO,actualizado
"GB212","Vinilo Tipo 2 Obra 1/2 Cuñete Rojo Tierra",47187.6,47188,61344,61344,63704,63703,66063,66063,68423,68422,NO,actualizado
"GB211","Vinilo Tipo 2 Obra 1/2 Cuñete Rojo Canela",47187.6,47188,61344,61344,63704,63703,66063,66063,68423,68422,NO,actualizado
"GB210","Vinilo Tipo 2 Obra 1/2 Cuñete Coral",47187.6,47188,61344,61344,63704,63703,66063,66063,68423,68422,NO,actualizado
"GB208","Vinilo Tipo 2 Obra 1/2 Cuñete Rojo Emociòn",47187.6,47188,61344,61344,63704,63703,66063,66063,68423,68422,NO,actualizado
"GB202","Vinilo Tipo 2 Obra 1/2 Cuñete Mora",47187.6,47188,61344,61344,63704,63703,66063,66063,68423,68422,NO,actualizado
"GB113","Vinilo Tipo 2 Obra 1/2 Cuñete Azul Navegante",47187.6,47188,61344,61344,63704,63703,66063,66063,68423,68422,NO,actualizado
"GB112","Vinilo Tipo 2 Obra 1/2 Cuñete Cielo De Abril",47187.6,47188,61344,61344,63704,63703,66063,66063,68423,68422,NO,actualizado
"GB111","Vinilo Tipo 2 Obra 1/2 Cuñete Fiesta Del Mar",47187.6,47188,61344,61344,63704,63703,66063,66063,68423,68422,NO,actualizado
"GB110","Vinilo Tipo 2 Obra 1/2 Cuñete Azul Horizonte",47187.6,47188,61344,61344,63704,63703,66063,66063,68423,68422,NO,actualizado
"GB106","Vinilo Tipo 2 Obra 1/2 Cuñete Azul Cielo",47187.6,47188,61344,61344,63704,63703,66063,66063,68423,68422,NO,actualizado
"GB105","Vinilo Tipo 2 Obra 1/2 Cuñete Azul Porcelana",47187.6,47188,61344,61344,63704,63703,66063,66063,68423,68422,NO,actualizado
"GB104","Vinilo Tipo 2 Obra 1/2 Cuñete Azul Celeste",47187.6,47188,61344,61344,63704,63703,66063,66063,68423,68422,NO,actualizado
"GB10","Vinilo Tipo 2 Obra 1/2 Cuñete Miel Mostaza",47187.6,47188,61344,61344,63704,63703,66063,66063,68423,68422,NO,actualizado
"GB09","Vinilo Tipo 2 Obra 1/2 Cuñete Luz De Oro",47187.6,47188,61344,61344,63704,63703,66063,66063,68423,68422,NO,actualizado
"GB08","Vinilo Tipo 2 Obra 1/2 Cuñete Sol De La Tarde",47187.6,47188,61344,61344,63704,63703,66063,66063,68423,68422,NO,actualizado
"GB05","Vinilo Tipo 2 Obra 1/2 Cuñete Camelia",47187.6,47188,61344,61344,63704,63703,66063,66063,68423,68422,NO,actualizado
"FX916","Vinilo Tipo Superior  1/4 Cipres",6667.2,6667,8667,8667,9000,9001,9334,9334,9667,9667,NO,actualizado
"FX906","Vinilo Tipo Superior  1/4  Castaño",6667.2,6667,8667,8667,9000,9001,9334,9334,9667,9667,NO,actualizado
"FX900","Vinilo Tipo Superior  1/4 Champaña",6667.2,6667,8667,8667,9000,9001,9334,9334,9667,9667,NO,actualizado
"FX802","Vinilo Tipo Superior  1/4 Lila",6667.2,6667,8667,8667,9000,9001,9334,9334,9667,9667,NO,actualizado
"FX707","Vinilo Tipo Superior  1/4 Pomarosa",6667.2,6667,8667,8667,9000,9001,9334,9334,9667,9667,NO,actualizado
"FX706","Vinilo Tipo Superior  1/4 Palo De Rosa",6667.2,6667,8667,8667,9000,9001,9334,9334,9667,9667,NO,actualizado
"FX705","Vinilo Tipo Superior  1/4 Curuba",6667.2,6667,8667,8667,9000,9001,9334,9334,9667,9667,NO,actualizado
"FX704","Vinilo Tipo Superior  1/4 Melon",6667.2,6667,8667,8667,9000,9001,9334,9334,9667,9667,NO,actualizado
"FX621","Vinilo Tipo Superior  1/4  Verde Herbal",6667.2,6667,8667,8667,9000,9001,9334,9334,9667,9667,NO,actualizado
"FX615","Vinilo Tipo Superior  1/4  Menta Fresca",6667.2,6667,8667,8667,9000,9001,9334,9334,9667,9667,NO,actualizado
"FX610","Vinilo Tipo Superior  1/4 Verde Manzana",6667.2,6667,8667,8667,9000,9001,9334,9334,9667,9667,NO,actualizado
"FX609","Vinilo Tipo Superior  1/4 Verde Seda",6667.2,6667,8667,8667,9000,9001,9334,9334,9667,9667,NO,actualizado
"FX608","Vinilo Tipo Superior  1/4 Verde Agua",6667.2,6667,8667,8667,9000,9001,9334,9334,9667,9667,NO,actualizado
"FX607","Vinilo Tipo Superior  1/4 Verde Chartreuse",6667.2,6667,8667,8667,9000,9001,9334,9334,9667,9667,NO,actualizado
"FX602","Vinilo Tipo Superior  1/4 Verde Claro",6667.2,6667,8667,8667,9000,9001,9334,9334,9667,9667,NO,actualizado
"FX501","Vinilo Tipo Superior  1/4 Gris Nube",6667.2,6667,8667,8667,9000,9001,9334,9334,9667,9667,NO,actualizado
"FX304","Vinilo Tipo Superior  1/4 Crema",6667.2,6667,8667,8667,9000,9001,9334,9334,9667,9667,NO,actualizado
"FX303","Vinilo Tipo Superior  1/4 Blanco Hueso",6667.2,6667,8667,8667,9000,9001,9334,9334,9667,9667,NO,actualizado
"FX302","Vinilo Tipo Superior  1/4 Blanco Ostra",6667.2,6667,8667,8667,9000,9001,9334,9334,9667,9667,NO,actualizado
"FX301","Vinilo Tipo Superior  1/4 Blanco Almendra",6667.2,6667,8667,8667,9000,9001,9334,9334,9667,9667,NO,actualizado
"FX300","Vinilo Tipo Superior  1/4 Blanco",6667.2,6667,8667,8667,9000,9001,9334,9334,9667,9667,NO,actualizado
"FX208","Vinilo Tipo Superior  1/4 Rojo Emociòn",6667.2,6667,8667,8667,9000,9001,9334,9334,9667,9667,NO,actualizado
"FX202","Vinilo Tipo Superior  1/4 Mora",6667.2,6667,8667,8667,9000,9001,9334,9334,9667,9667,NO,actualizado
"FX201","Vinilo Tipo Superior  1/4  Rojo Colonial",6667.2,6667,8667,8667,9000,9001,9334,9334,9667,9667,NO,actualizado
"FX107","Vinilo Tipo Superior  1/4 Agua Marina",6667.2,6667,8667,8667,9000,9001,9334,9334,9667,9667,NO,actualizado
"FX106","Vinilo Tipo Superior  1/4 Azul Cielo",6667.2,6667,8667,8667,9000,9001,9334,9334,9667,9667,NO,actualizado
"FX105","Vinilo Tipo Superior  1/4 Azul Porcelana",6667.2,6667,8667,8667,9000,9001,9334,9334,9667,9667,NO,actualizado
"FX104","Vinilo Tipo Superior  1/4 Azul Celeste",6667.2,6667,8667,8667,9000,9001,9334,9334,9667,9667,NO,actualizado
"FX07","Vinilo Tipo Superior  1/4 Trigo",6667.2,6667,8667,8667,9000,9001,9334,9334,9667,9667,NO,actualizado
"FX06","Vinilo Tipo Superior  1/4  Ocre",6667.2,6667,8667,8667,9000,9001,9334,9334,9667,9667,NO,actualizado
"FX05","Vinilo Tipo Superior  1/4 Camelia",6667.2,6667,8667,8667,9000,9001,9334,9334,9667,9667,NO,actualizado
"FT501","Vinilo Tipo Superior Tambor Gris Nube",1189532,1189532,1546392,1546392,1605868,1605868,1665345,1665345,1724821,1724821,NO,sin_cambio_base
"FT300","Vinilo Tipo Superior Tambor Blanco",880961.6,880962,1145251,1145250,1189299,1189298,1233347,1233346,1277395,1277394,NO,actualizado
"FJ906","Vinilo Tipo Lavable  1/2 Galón Castaño",10342.71,10343,13446,13446,13963,13963,14480,14480,14997,14997,NO,actualizado
"FJ903","Vinilo Tipo Lavable 1/2 Galón Cipres",10342.71,10343,13446,13446,13963,13963,14480,14480,14997,14997,NO,actualizado
"FJ900","Vinilo Tipo Lavable 1/2 Galón Chapaña",10342.71,10343,13446,13446,13963,13963,14480,14480,14997,14997,NO,actualizado
"FJ802","Vinilo Tipo Lavable 1/2 Galón Lila",10342.71,10343,13446,13446,13963,13963,14480,14480,14997,14997,NO,actualizado
"FJ707","Vinilo Tipo Lavable 1/2 Galón Pomarosa",10342.71,10343,13446,13446,13963,13963,14480,14480,14997,14997,NO,actualizado
"FJ706","Vinilo Tipo Lavable 1/2 Galón Palo De Rosa",10342.71,10343,13446,13446,13963,13963,14480,14480,14997,14997,NO,actualizado
"FJ705","Vinilo Tipo Lavable 1/2 Galón Curuba",10342.71,10343,13446,13446,13963,13963,14480,14480,14997,14997,NO,actualizado
"FJ704","Vinilo Tipo Lavable 1/2 Galón Melon",10342.71,10343,13446,13446,13963,13963,14480,14480,14997,14997,NO,actualizado
"FJ615","Vinilo Tipo Lavable 1/2 Galón Menta Fresca",10342.71,10343,13446,13446,13963,13963,14480,14480,14997,14997,NO,actualizado
"FJ610","Vinilo Tipo Lavable 1/2 Galón Verde Manzana",10342.71,10343,13446,13446,13963,13963,14480,14480,14997,14997,NO,actualizado
"FJ609","Vinilo Tipo Lavable 1/2 Galón Verde Seda",10342.71,10343,13446,13446,13963,13963,14480,14480,14997,14997,NO,actualizado
"FJ608","Vinilo Tipo Lavable 1/2 Galón Verde Agua",10342.71,10343,13446,13446,13963,13963,14480,14480,14997,14997,NO,actualizado
"FJ607","Vinilo Tipo Lavable 1/2 Galón Verde Chartreuse",10342.71,10343,13446,13446,13963,13963,14480,14480,14997,14997,NO,actualizado
"FJ602","Vinilo Tipo Lavable 1/2 Galón Verde Claro",10342.71,10343,13446,13446,13963,13963,14480,14480,14997,14997,NO,actualizado
"FJ501","Vinilo Tipo Lavable 1/2 Galón Gris Nube",10342.71,10343,13446,13446,13963,13963,14480,14480,14997,14997,NO,actualizado
"FJ304","Vinilo Tipo Lavable 1/2 Galón Crema",10342.71,10343,13446,13446,13963,13963,14480,14480,14997,14997,NO,actualizado
"FJ303","Vinilo Tipo Lavable 1/2 Galón Blanco Hueso",10342.71,10343,13446,13446,13963,13963,14480,14480,14997,14997,NO,actualizado
"FJ302","Vinilo Tipo Lavable 1/2 Galón Blanco Ostra",10342.71,10343,13446,13446,13963,13963,14480,14480,14997,14997,NO,actualizado
"FJ301","Vinilo Tipo Lavable 1/2 Galón Blanco Almendra",10342.71,10343,13446,13446,13963,13963,14480,14480,14997,14997,NO,actualizado
"FJ300","Vinilo Tipo Lavable 1/2 Galón Blanco",10342.71,10343,13446,13446,13963,13963,14480,14480,14997,14997,NO,actualizado
"FJ208","Vinilo Tipo Lavable 1/2 Galón Rojo Emociòn",10342.71,10343,13446,13446,13963,13963,14480,14480,14997,14997,NO,actualizado
"FJ202","Vinilo Tipo Lavable 1/2 Galón Mora",10342.71,10343,13446,13446,13963,13963,14480,14480,14997,14997,NO,actualizado
"FJ201","Vinilo Tipo Lavable 1/2 Galón Rojocolonial",10342.71,10343,13446,13446,13963,13963,14480,14480,14997,14997,NO,actualizado
"FJ107","Vinilo Tipo Lavable 1/2 Galón Agua Marina",10342.71,10343,13446,13446,13963,13963,14480,14480,14997,14997,NO,actualizado
"FJ106","Vinilo Tipo Lavable 1/2 Galón Azul Cielo",10342.71,10343,13446,13446,13963,13963,14480,14480,14997,14997,NO,actualizado
"FJ105","Vinilo Tipo Lavable 1/2 Galón Azul Porcelana",10342.71,10343,13446,13446,13963,13963,14480,14480,14997,14997,NO,actualizado
"FJ104","Vinilo Tipo Lavable 1/2 Galón Azul Celeste",10342.71,10343,13446,13446,13963,13963,14480,14480,14997,14997,NO,actualizado
"FJ07","Vinilo Tipo Lavable 1/2 Galón Trigo",10342.71,10343,13446,13446,13963,13963,14480,14480,14997,14997,NO,actualizado
"FJ06","Vinilo Tipo Lavable 1/2 Galón Ocre",10342.71,10343,13446,13446,13963,13963,14480,14480,14997,14997,NO,actualizado
"FJ05","Vinilo Tipo Lavable 1/2 Galón Camelia",10342.71,10343,13446,13446,13963,13963,14480,14480,14997,14997,NO,actualizado
"FG916","Vinilo Tipo Superior  Galón Cipres",23303.2,23303,30294,30294,31459,31459,32624,32624,33789,33790,NO,actualizado
"FG906","Vinilo Tipo Superior  Galón Castaño",23303.2,23303,30294,30294,31459,31459,32624,32624,33789,33790,NO,actualizado
"FG900","Vinilo Tipo Superior  Galón Champaña",23303.2,23303,30294,30294,31459,31459,32624,32624,33789,33790,NO,actualizado
"FG802","Vinilo Tipo Superior  Galón Lila",23303.2,23303,30294,30294,31459,31459,32624,32624,33789,33790,NO,actualizado
"FG707","Vinilo Tipo Superior  Galón Pomarosa",23303.2,23303,30294,30294,31459,31459,32624,32624,33789,33790,NO,actualizado
"FG706","Vinilo Tipo Superior  Galón Palo De Rosa",23303.2,23303,30294,30294,31459,31459,32624,32624,33789,33790,NO,actualizado
"FG705","Vinilo Tipo Superior  Galón Curuba",23303.2,23303,30294,30294,31459,31459,32624,32624,33789,33790,NO,actualizado
"FG704","Vinilo Tipo Superior Galón Melon",23303.2,23303,30294,30294,31459,31459,32624,32624,33789,33790,NO,actualizado
"FG621","Vinilo Tipo Superior  Galón Verde Herbal",23303.2,23303,30294,30294,31459,31459,32624,32624,33789,33790,NO,actualizado
"FG615","Vinilo Tipo Superior  Galón Menta Fresca",23303.2,23303,30294,30294,31459,31459,32624,32624,33789,33790,NO,actualizado
"FG610","Vinilo Tipo Superior  Galón Verde Manzana",23303.2,23303,30294,30294,31459,31459,32624,32624,33789,33790,NO,actualizado
"FG609","Vinilo Tipo Superior Galón Verde Seda",23303.2,23303,30294,30294,31459,31459,32624,32624,33789,33790,NO,actualizado
"FG608","Vinilo Tipo Superior Galón Verde Agua",23303.2,23303,30294,30294,31459,31459,32624,32624,33789,33790,NO,actualizado
"FG607","Vinilo Tipo Superior Galón Verde Chartreuse",23303.2,23303,30294,30294,31459,31459,32624,32624,33789,33790,NO,actualizado
"FG602","Vinilo Tipo Superior Galón Verde Claro",23303.2,23303,30294,30294,31459,31459,32624,32624,33789,33790,NO,actualizado
"FG501","Vinilo Tipo Superior  Galón Gris Nube",23303.2,23303,30294,30294,31459,31459,32624,32624,33789,33790,NO,actualizado
"FG304","Vinilo Tipo Superior  Galón Crema",23303.2,23303,30294,30294,31459,31459,32624,32624,33789,33790,NO,actualizado
"FG303","Vinilo Tipo Superior  Galón Blanco Hueso",23303.2,23303,30294,30294,31459,31459,32624,32624,33789,33790,NO,actualizado
"FG302","Vinilo Tipo Superior Galón Blanco Ostra",23303.2,23303,30294,30294,31459,31459,32624,32624,33789,33790,NO,actualizado
"FG301","Vinilo Tipo Superior  Galón Blanco Almendra",23303.2,23303,30294,30294,31459,31459,32624,32624,33789,33790,NO,actualizado
"FG300","Vinilo Tipo Superior Galón Blanco",23303.2,23303,30294,30294,31459,31459,32624,32624,33789,33790,NO,actualizado
"FG212","Vinilo Tipo Superior Galón  Rojo Tierra",23303.2,23303,30294,30294,31459,31459,32624,32624,33789,33790,NO,actualizado
"FG211","Vinilo Tipo Superior  Galón Rojo Canela",23303.2,23303,30294,30294,31459,31459,32624,32624,33789,33790,NO,actualizado
"FG208","Vinilo Tipo Superior  Galón Rojo Emociòn",23303.2,23303,30294,30294,31459,31459,32624,32624,33789,33790,NO,actualizado
"FG202","Vinilo Tipo Superior  Galón Mora",23303.2,23303,30294,30294,31459,31459,32624,32624,33789,33790,NO,actualizado
"FG201","Vinilo Tipo Superior Galón Rojo Colonial",23303.2,23303,30294,30294,31459,31459,32624,32624,33789,33790,NO,actualizado
"FG107","Vinilo Tipo Superior Galón Agua Marina",23303.2,23303,30294,30294,31459,31459,32624,32624,33789,33790,NO,actualizado
"FG106","Vinilo Tipo Superior  Galón Azul Cielo",23303.2,23303,30294,30294,31459,31459,32624,32624,33789,33790,NO,actualizado
"FG105","Vinilo Tipo Superior  Galón Azul Porcelana",23303.2,23303,30294,30294,31459,31459,32624,32624,33789,33790,NO,actualizado
"FG104","Vinilo Tipo Superior  Galón Azul Celeste",23303.2,23303,30294,30294,31459,31459,32624,32624,33789,33790,NO,actualizado
"FG07","Vinilo Tipo Superior  Galón Trigo",23303.2,23303,30294,30294,31459,31459,32624,32624,33789,33790,NO,actualizado
"FG06","Vinilo Tipo Superior  Galón Ocre",23303.2,23303,30294,30294,31459,31459,32624,32624,33789,33790,NO,actualizado
"FG05","Vinilo Tipo Superior  Galón Camelia",23303.2,23303,30294,30294,31459,31459,32624,32624,33789,33790,NO,actualizado
"FC916","Vinilo Tipo Superior Cuñete Cipres",99696,99696,129605,129605,134590,134590,139574,139574,144559,144559,NO,sin_cambio_base
"FC906","Vinilo Tipo Superior Cuñete Castaño",99696,99696,129605,129605,134590,134590,139574,139574,144559,144559,NO,sin_cambio_base
"FC900","Vinilo Tipo Superior Cuñete Champaña",99696,99696,129605,129605,134590,134590,139574,139574,144559,144559,NO,sin_cambio_base
"FC802","Vinilo Tipo Superior Cuñete Lila",99696,99696,129605,129605,134590,134590,139574,139574,144559,144559,NO,sin_cambio_base
"FC707","Vinilo Tipo Superior Cuñete Pomarosa",99696,99696,129605,129605,134590,134590,139574,139574,144559,144559,NO,sin_cambio_base
"FC706","Vinilo Tipo Superior Cuñete Palo De Rosa",99696,99696,129605,129605,134590,134590,139574,139574,144559,144559,NO,sin_cambio_base
"FC705","Vinilo Tipo Superior Cuñete Curuba",99696,99696,129605,129605,134590,134590,139574,139574,144559,144559,NO,sin_cambio_base
"FC704","Vinilo Tipo Superior Cuñete Melon",99696,99696,129605,129605,134590,134590,139574,139574,144559,144559,NO,sin_cambio_base
"FC615","Vinilo Tipo Superior Cuñete Menta Fresca",99696,99696,129605,129605,134590,134590,139574,139574,144559,144559,NO,sin_cambio_base
"FC610","Vinilo Tipo Superior Cuñete Verde Manzana",99696,99696,129605,129605,134590,134590,139574,139574,144559,144559,NO,sin_cambio_base
"FC609","Vinilo Tipo Superior Cuñete Verde Seda",99696,99696,129605,129605,134590,134590,139574,139574,144559,144559,NO,sin_cambio_base
"FC608","Vinilo Tipo Superior Cuñete Verde Agua",99696,99696,129605,129605,134590,134590,139574,139574,144559,144559,NO,sin_cambio_base
"FC607","Vinilo Tipo Superior Cuñete Verde Chartreuse",99696,99696,129605,129605,134590,134590,139574,139574,144559,144559,NO,sin_cambio_base
"FC602","Vinilo Tipo Superior Cuñete Verde Claro",99696,99696,129605,129605,134590,134590,139574,139574,144559,144559,NO,sin_cambio_base
"FC501","Vinilo Tipo Superior Cuñete Gris Nube",99696,99696,129605,129605,134590,134590,139574,139574,144559,144559,NO,sin_cambio_base
"FC311","Vinilo Tipo Superior Cuñete Luz Tenue",99696,99696,129605,129605,134590,134590,139574,139574,144559,144559,NO,sin_cambio_base
"FC308","Vinilo Tipo Superior  Cuñete Blanco Arena",99696,99696,129605,129605,134590,134590,139574,139574,144559,144559,NO,sin_cambio_base
"FC304","Vinilo Tipo Superior Cuñete Crema",99696,99696,129605,129605,134590,134590,139574,139574,144559,144559,NO,sin_cambio_base
"FC303","Vinilo Tipo Superior Cuñete Blanco Hueso",99696,99696,129605,129605,134590,134590,139574,139574,144559,144559,NO,sin_cambio_base
"FC302","Vinilo Tipo Superior Cuñete Blanco Ostra",99696,99696,129605,129605,134590,134590,139574,139574,144559,144559,NO,sin_cambio_base
"FC301","Vinilo Tipo Superior Cuñete Blanco Almendra",99696,99696,129605,129605,134590,134590,139574,139574,144559,144559,NO,sin_cambio_base
"FC300","Vinilo Tipo Superior  Cuñete Blanco",99696,99696,129605,129605,134590,134590,139574,139574,144559,144559,NO,sin_cambio_base
"FC208","Vinilo Tipo Superior Cuñete Rojo Emociòn",99696,99696,129605,129605,134590,134590,139574,139574,144559,144559,NO,sin_cambio_base
"FC202","Vinilo Tipo Superior Cuñete Mora",99696,99696,129605,129605,134590,134590,139574,139574,144559,144559,NO,sin_cambio_base
"FC201","Vinilo Tipo Superior Cuñete Rojo Colonial",99696,99696,129605,129605,134590,134590,139574,139574,144559,144559,NO,sin_cambio_base
"FC113","Vinilo Tipo Superior Cuñete Azul Navegante",99696,99696,129605,129605,134590,134590,139574,139574,144559,144559,NO,sin_cambio_base
"FC107","Vinilo Tipo Superior Cuñete Agua Marina",99696,99696,129605,129605,134590,134590,139574,139574,144559,144559,NO,sin_cambio_base
"FC106","Vinilo Tipo Superior Cuñete Azul Cielo",99696,99696,129605,129605,134590,134590,139574,139574,144559,144559,NO,sin_cambio_base
"FC105","Vinilo Tipo Superior Cuñete Azul Porcelana",99696,99696,129605,129605,134590,134590,139574,139574,144559,144559,NO,sin_cambio_base
"FC104","Vinilo Tipo Superior Cuñete Azul Celeste",99696,99696,129605,129605,134590,134590,139574,139574,144559,144559,NO,sin_cambio_base
"FC07","Vinilo Tipo Superior Cuñete Trigo",99696,99696,129605,129605,134590,134590,139574,139574,144559,144559,NO,sin_cambio_base
"FC06","Vinilo Tipo Superior Cuñete Ocre",99696,99696,129605,129605,134590,134590,139574,139574,144559,144559,NO,sin_cambio_base
"FC05","Vinilo Tipo Superior Cuñete Camelia",99696,99696,129605,129605,134590,134590,139574,139574,144559,144559,NO,sin_cambio_base
"FB916","Vinilo Tipo Superior 1/2 Cuñete Cipres",52359.2,52359,68067,68067,70685,70685,73303,73303,75921,75921,NO,actualizado
"FB906","Vinilo Tipo Superior 1/2 Cuñete Castaño",52359.2,52359,68067,68067,70685,70685,73303,73303,75921,75921,NO,actualizado
"FB900","Vinilo Tipo Superior 1/2 Cuñete Champaña",52359.2,52359,68067,68067,70685,70685,73303,73303,75921,75921,NO,actualizado
"FB802","Vinilo Tipo Superior 1/2 Cuñete Lila",52359.2,52359,68067,68067,70685,70685,73303,73303,75921,75921,NO,actualizado
"FB707","Vinilo Tipo Superior 1/2 Cuñete Pomarosa",52359.2,52359,68067,68067,70685,70685,73303,73303,75921,75921,NO,actualizado
"FB706","Vinilo Tipo Superior 1/2 Cuñete Palo De Rosa",52359.2,52359,68067,68067,70685,70685,73303,73303,75921,75921,NO,actualizado
"FB705","Vinilo Tipo Superior 1/2 Cuñete Curuba",52359.2,52359,68067,68067,70685,70685,73303,73303,75921,75921,NO,actualizado
"FB704","Vinilo Tipo Superior 1/2 Cuñete Melon",52359.2,52359,68067,68067,70685,70685,73303,73303,75921,75921,NO,actualizado
"FB615","Vinilo Tipo Superior 1/2 Cuñete Menta Fresca",52359.2,52359,68067,68067,70685,70685,73303,73303,75921,75921,NO,actualizado
"FB610","Vinilo Tipo Superior 1/2 Cuñete Verde Manzana",52359.2,52359,68067,68067,70685,70685,73303,73303,75921,75921,NO,actualizado
"FB609","Vinilo Tipo Superior 1/2 Cuñete Verde Seda",52359.2,52359,68067,68067,70685,70685,73303,73303,75921,75921,NO,actualizado
"FB608","Vinilo Tipo Superior 1/2 Cuñete Verde Agua",52359.2,52359,68067,68067,70685,70685,73303,73303,75921,75921,NO,actualizado
"FB607","Vinilo Tipo Superior 1/2 Cuñete Verde Chartreuse",52359.2,52359,68067,68067,70685,70685,73303,73303,75921,75921,NO,actualizado
"FB602","Vinilo Tipo Superior 1/2 Cuñete Verde Claro",52359.2,52359,68067,68067,70685,70685,73303,73303,75921,75921,NO,actualizado
"FB501","Vinilo Tipo Superior 1/2 Cuñete Gris Nube",52359.2,52359,68067,68067,70685,70685,73303,73303,75921,75921,NO,actualizado
"FB308","Vinilo Tipo Superior 1/2 Cuñete Blanco Arena",52359.2,52359,68067,68067,70685,70685,73303,73303,75921,75921,NO,actualizado
"FB304","Vinilo Tipo Superior 1/2 Cuñete Crema",52359.2,52359,68067,68067,70685,70685,73303,73303,75921,75921,NO,actualizado
"FB303","Vinilo Tipo Superior 1/2 Cuñete Blanco Hueso",52359.2,52359,68067,68067,70685,70685,73303,73303,75921,75921,NO,actualizado
"FB302","Vinilo Tipo Superior 1/2 Cuñete Blanco Ostra",52359.2,52359,68067,68067,70685,70685,73303,73303,75921,75921,NO,actualizado
"FB301","Vinilo Tipo Superior 1/2 Cuñete Blanco Almendra",52359.2,52359,68067,68067,70685,70685,73303,73303,75921,75921,NO,actualizado
"FB300","Vinilo Tipo Superior  1/2 Cuñete Blanco",52359.2,52359,68067,68067,70685,70685,73303,73303,75921,75921,NO,actualizado
"FB208","Vinilo Tipo Superior 1/2 Cuñete Rojo Emociòn",52359.2,52359,68067,68067,70685,70685,73303,73303,75921,75921,NO,actualizado
"FB202","Vinilo Tipo Superior 1/2 Cuñete Mora",52359.2,52359,68067,68067,70685,70685,73303,73303,75921,75921,NO,actualizado
"FB201","Vinilo Tipo Superior  1/2 Cuñete Rojo Colonial",52359.2,52359,68067,68067,70685,70685,73303,73303,75921,75921,NO,actualizado
"FB110","Vinilo Tipo Superior 1/2 Cuñete Azul Horizonte",52359.2,52359,68067,68067,70685,70685,73303,73303,75921,75921,NO,actualizado
"FB107","Vinilo Tipo Superior 1/2 Cuñete Agua Marina",52359.2,52359,68067,68067,70685,70685,73303,73303,75921,75921,NO,actualizado
"FB106","Vinilo Tipo Superior 1/2 Cuñete Azul Cielo",52359.2,52359,68067,68067,70685,70685,73303,73303,75921,75921,NO,actualizado
"FB105","Vinilo Tipo Superior 1/2 Cuñete Azul Porcelana",52359.2,52359,68067,68067,70685,70685,73303,73303,75921,75921,NO,actualizado
"FB104","Vinilo Tipo Superior 1/2 Cuñete Azul Celeste",52359.2,52359,68067,68067,70685,70685,73303,73303,75921,75921,NO,actualizado
"FB07","Vinilo Tipo Superior 1/2 Cuñete Trigo",52359.2,52359,68067,68067,70685,70685,73303,73303,75921,75921,NO,actualizado
"FB06","Vinilo Tipo Superior 1/2 Cuñete Ocre",52359.2,52359,68067,68067,70685,70685,73303,73303,75921,75921,NO,actualizado
"FB05","Vinilo Tipo Superior  1/2 Cuñete Camelia",52359.2,52359,68067,68067,70685,70685,73303,73303,75921,75921,NO,actualizado
"EX","Enarcril 1/4",5615.2,5615,7300,7300,7580,7581,7861,7861,8142,8142,NO,actualizado
"EQ","Enarcril Bolsa",3813.6,3814,4958,4958,5149,5148,5340,5339,5530,5530,NO,actualizado
"EG","Enarcril Galón",21154,21154,27500,27500,28558,28558,29616,29616,30673,30673,NO,sin_cambio_base
"EC","Enarcril Cuñete",95384.8,95385,124001,124000,128770,128769,133539,133539,138308,138308,NO,actualizado
"CW800","Concentrado 120 C.C. Violeta",2263.2,2263,2942,2942,3055,3055,3168,3168,3281,3282,NO,actualizado
"CW700","Concentrado 120 C.C. Naranja",1426,1426,1854,1854,1925,1925,1996,1996,2068,2068,NO,sin_cambio_base
"CW600","Concentrado 120 C.C. Verde",1426,1426,1854,1854,1925,1925,1996,1996,2068,2068,NO,sin_cambio_base
"CW400","Concentrado 120 C.C. Negro",1426,1426,1854,1854,1925,1925,1996,1996,2068,2068,NO,sin_cambio_base
"CW200","Concentrado 120 C.C. Rojo",1426,1426,1854,1854,1925,1925,1996,1996,2068,2068,NO,sin_cambio_base
"CW100","Concentrado 120 C.C. Azul",1426,1426,1854,1854,1925,1925,1996,1996,2068,2068,NO,sin_cambio_base
"CW06","Concentrado 120 C.C. Ocre",1426,1426,1854,1854,1925,1925,1996,1996,2068,2068,NO,sin_cambio_base
"CW01","Concentrado 120 C.C. Amarillo",1426,1426,1854,1854,1925,1925,1996,1996,2068,2068,NO,sin_cambio_base
"COMP7","Pliego De Lija Norton 150",920,920,1196,1196,1242,1242,1288,1288,1334,1334,NO,sin_cambio_base
"COMP6","Pliego De Lija Norton  120",780,780,1014,1014,1053,1053,1092,1092,1131,1131,NO,sin_cambio_base
"COMP5","Tornillo Drywall Punta Fina 7.1X1000",10000,10000,13000,13000,13500,13500,14000,14000,14500,14500,NO,sin_cambio_base
"COMP43","Polimero 7 Cuñete",156880,156880,203944,203944,211788,211788,219632,219632,227476,227476,NO,sin_cambio_base
"COMP40","Clavo P100 5/16"" X 1",35,35,46,46,47,47,49,49,51,51,NO,sin_cambio_base
"COMP4","Tornillo Drywall Punta Fina 6.1X1000",10000,10000,13000,13000,13500,13500,14000,14000,14500,14500,NO,sin_cambio_base
"COMP39","Tiro A Tiro Verde",222,222,289,289,300,300,311,311,322,322,NO,sin_cambio_base
"COMP37","Dilatacion Plastica Z 12 Mm X 3.05 Mt",3089,3089,4016,4016,4170,4170,4325,4325,4479,4479,NO,sin_cambio_base
"COMP36","Pliego De Lija Norton 80",834,834,1084,1084,1126,1126,1168,1168,1209,1209,NO,sin_cambio_base
"COMP34","Espatula Flexible Mango Madera 5""",3010,3010,3913,3913,4064,4064,4214,4214,4365,4365,NO,sin_cambio_base
"COMP33","Cinta De Enmascarar 1 X 40 Mt",2760,2760,3588,3588,3726,3726,3864,3864,4002,4002,NO,sin_cambio_base
"COMP32","Lamina De Drywal Knauf 4X8 1/2 Rf",33350,33350,43355,43355,45023,45023,46690,46690,48358,48358,NO,sin_cambio_base
"COMP31","Lamina De Fibrocemento 6Mm 1,22 X 2,44",35535,35535,46196,46196,47972,47972,49749,49749,51526,51526,NO,sin_cambio_base
"COMP3","Lamina De Drywall Knauf 4X8 1/2 Rh",33465,33465,43505,43505,45178,45178,46851,46851,48524,48524,NO,sin_cambio_base
"COMP20","Pernos Clavo1",77,77,100,100,104,104,108,108,112,112,NO,sin_cambio_base
"COMP2","Lamina De Drywal Knauf 4X8 5/8 Rf",37715,37715,49030,49030,50915,50915,52801,52801,54687,54687,NO,sin_cambio_base
"COMP19","Carga Amarilla Tiro A Tiro",208,208,270,270,281,281,291,291,302,302,NO,sin_cambio_base
"COMP18","Rollo Cinta Metalica Reforzada",18372,18372,23884,23884,24802,24802,25721,25721,26639,26639,NO,sin_cambio_base
"COMP17","Rollo Cinta Papel 75M",4822,4822,6269,6269,6510,6510,6751,6751,6992,6992,NO,sin_cambio_base
"COMP15","Vigueta X2.44M",2656,2656,3453,3453,3586,3586,3718,3718,3851,3851,NO,sin_cambio_base
"COMP14","Omega Con Borde X 2.44M",2944,2944,3827,3827,3974,3974,4122,4122,4269,4269,NO,sin_cambio_base
"COMP13","Rollo Cinta Malla Super Tape X 90M",6082,6082,7907,7907,8211,8211,8515,8515,8819,8819,NO,sin_cambio_base
"COMP12","1 Metro Frescasa Fiberglass 1/2 X 24''",5379,5379,6993,6993,7262,7262,7531,7531,7800,7800,NO,sin_cambio_base
"COMP11","Rodillo De Felpa Epoxico 9""",8000,8000,10400,10400,10800,10800,11200,11200,11600,11600,NO,sin_cambio_base
"COMP10","Rollo Cinta De Emascarar 3/4 X 40M",1555,1555,2022,2022,2099,2099,2177,2177,2255,2255,NO,sin_cambio_base
"COMP1","Lamina De Drywall Kanauf 4X8 1/2 St",18630,18630,24219,24219,25151,25151,26082,26082,27014,27014,NO,sin_cambio_base
"CL800","Concentrado 240 C.C. Violeta",3555.2,3555,4622,4622,4799,4800,4977,4977,5155,5155,NO,actualizado
"CL700","Concentrado 240 C.C. Naranja",2391.6,2392,3110,3109,3229,3229,3349,3348,3468,3468,NO,actualizado
"CL600","Concentrado 240 C.C. Verde",2391.6,2392,3110,3109,3229,3229,3349,3348,3468,3468,NO,actualizado
"CL400","Concentrado 240 C.C. Negro",2391.6,2392,3110,3109,3229,3229,3349,3348,3468,3468,NO,actualizado
"CL200","Concentrado 240 C.C. Rojo",2391.6,2392,3110,3109,3229,3229,3349,3348,3468,3468,NO,actualizado
"CL100","Concentrado 240 C.C. Azul",2391.6,2392,3110,3109,3229,3229,3349,3348,3468,3468,NO,actualizado
"CL06","Concentrado 240 C.C. Ocre",2391.6,2392,3110,3109,3229,3229,3349,3348,3468,3468,NO,actualizado
"CL01","Concentrado 240 C.C. Amarillo",2391.6,2392,3110,3109,3229,3229,3349,3348,3468,3468,NO,actualizado
"BZ","Barniz 1/8",6094,6094,7922,7922,8227,8227,8532,8532,8836,8836,NO,sin_cambio_base
"BX","Barniz 1/4",9825.2,9825,12773,12773,13264,13264,13755,13755,14246,14247,NO,actualizado
"BG","Barniz Galón",31674,31674,41176,41176,42760,42760,44344,44344,45927,45927,NO,sin_cambio_base
"BD","Barniz 1/16",3957.6,3958,5145,5145,5343,5343,5541,5541,5739,5739,NO,actualizado
"B9","Brocha Cerda Mona Pop 1 1/2""",2800,2800,3640,3640,3780,3780,3920,3920,4060,4060,NO,sin_cambio_base
"B8","Brocha Cerda Mona Pop 1''",2521,2521,3277,3277,3403,3403,3529,3529,3655,3655,NO,sin_cambio_base
"B7","Brocha Cerda Mona Pop 1/2""",3000,3000,3900,3900,4050,4050,4200,4200,4350,4350,NO,sin_cambio_base
"B6","Brocha Sintética 3''",7000,7000,9100,9100,9450,9450,9800,9800,10150,10150,NO,sin_cambio_base
"B5","Brocha Sintética 2 1/2''",6000,6000,7800,7800,8100,8100,8400,8400,8700,8700,NO,sin_cambio_base
"B4","Brocha Sintética 2''",5000,5000,6500,6500,6750,6750,7000,7000,7250,7250,NO,sin_cambio_base
"B3","Brocha Sintética 1 1/2''",3500,3500,4550,4550,4725,4725,4900,4900,5075,5075,NO,sin_cambio_base
"B2","Brocha Sintética 1''",3000,3000,3900,3900,4050,4050,4200,4200,4350,4350,NO,sin_cambio_base
"B14","Brocha Cerda Fina  La Propia 4""",11050,11050,14365,14365,14918,14918,15470,15470,16023,16023,NO,sin_cambio_base
"B13","Brocha Cerda Mona Pop 4''",8403,8403,10924,10924,11344,11344,11764,11764,12184,12184,NO,sin_cambio_base
"B12","Brocha Cerda Mona Pop 3''",5882,5882,7647,7647,7941,7941,8235,8235,8529,8529,NO,sin_cambio_base
"B11","Brocha Cerda Mona Pop 2 1/2''",3700,3700,4810,4810,4995,4995,5180,5180,5365,5365,NO,sin_cambio_base
"B10","Brocha Cerda Mona Pop 2''",4201,4201,5461,5461,5671,5671,5881,5881,6091,6091,NO,sin_cambio_base
"B1","Brocha Sintética 1/2''",2000,2000,2600,2600,2700,2700,2800,2800,2900,2900,NO,sin_cambio_base
"AZ600","Anticorrosivo 1/8 Verde",4928.4,4928,6406,6407,6653,6653,6899,6900,7146,7146,NO,actualizado
"AZ500","Anticorrosivo 1/8 Gris",4928.4,4928,6406,6407,6653,6653,6899,6900,7146,7146,NO,actualizado
"AZ400","Anticorrosivo 1/8 Negro",4928.4,4928,6406,6407,6653,6653,6899,6900,7146,7146,NO,actualizado
"AZ300","Anticorrosivo 1/8 Blanco",4928.4,4928,6406,6407,6653,6653,6899,6900,7146,7146,NO,actualizado
"AZ200","Anticorrosivo 1/8 Rojo",4928.4,4928,6406,6407,6653,6653,6899,6900,7146,7146,NO,actualizado
"AX600","Anticorrosivo 1/4 Verde",8148.4,8148,10592,10593,11000,11000,11407,11408,11815,11815,NO,actualizado
"AX500","Anticorrosivo 1/4 Gris",8148.4,8148,10592,10593,11000,11000,11407,11408,11815,11815,NO,actualizado
"AX400","Anticorrosivo 1/4 Negro",8148.4,8148,10592,10593,11000,11000,11407,11408,11815,11815,NO,actualizado
"AX300","Anticorrosivo 1/4 Blanco",8148.4,8148,10592,10593,11000,11000,11407,11408,11815,11815,NO,actualizado
"AX200","Anticorrosivo 1/4 Rojo",8148.4,8148,10592,10593,11000,11000,11407,11408,11815,11815,NO,actualizado
"AG907","Anticorrosivo Galón Caoba",23480,23480,30524,30524,31698,31698,32872,32872,34046,34046,NO,sin_cambio_base
"AG600","Anticorrosivo Galón Verde",23480,23480,30524,30524,31698,31698,32872,32872,34046,34046,NO,sin_cambio_base
"AG500","Anticorrosivo Galón Gris",23480,23480,30524,30524,31698,31698,32872,32872,34046,34046,NO,sin_cambio_base
"AG400","Anticorrosivo Galón Negro",23480,23480,30524,30524,31698,31698,32872,32872,34046,34046,NO,sin_cambio_base
"AG300","Anticorrosivo Galón Blanco",23480,23480,30524,30524,31698,31698,32872,32872,34046,34046,NO,sin_cambio_base
"AG200","Anticorrosivo Galón Rojo",23480,23480,30524,30524,31698,31698,32872,32872,34046,34046,NO,sin_cambio_base
"369","Envase 1/4 Original 2T",1071,1071,1392,1392,1446,1446,1499,1499,1553,1553,NO,sin_cambio_base
"321","Tapa 28 Mm Polly Guard Naranja",76.16,76,99,99,103,103,106,107,110,110,NO,actualizado
"-Ñ-N910","Tintilla Madera 200Cc Nogal",3076.8,3077,4000,4000,4154,4154,4308,4308,4462,4461,NO,actualizado
"-Ñ-N909","Tintilla Madera 200Cc Caramelo",3076.8,3077,4000,4000,4154,4154,4308,4308,4462,4461,NO,actualizado
"-Ñ-N908","Tintilla Madera 200Cc Wengue",3076.8,3077,4000,4000,4154,4154,4308,4308,4462,4461,NO,actualizado
"-Ñ-N907","Tintilla Madera 200Cc Caoba",3076.8,3077,4000,4000,4154,4154,4308,4308,4462,4461,NO,actualizado
"-Ñ-N400","Tintilla Madera 200Cc Negro",3076.8,3077,4000,4000,4154,4154,4308,4308,4462,4461,NO,actualizado
"-Ñ-N207","Tintilla Madera 200Cc Vinotinto",3076.8,3077,4000,4000,4154,4154,4308,4308,4462,4461,NO,actualizado
"-Ñ-N200","Tintilla Madera 200Cc Rojo",3076.8,3077,4000,4000,4154,4154,4308,4308,4462,4461,NO,actualizado
"-Ñ-N011","Tintilla Madera 200Cc Miel",3076.8,3077,4000,4000,4154,4154,4308,4308,4462,4461,NO,actualizado
"-Ñ-N01","Tintilla Madera 200Cc Amarilla",3076.8,3077,4000,4000,4154,4154,4308,4308,4462,4461,NO,actualizado
"-Ñ-H910","Tintilla Madera 1000Cc Nogal",11538.4,11538,14999,15000,15576,15577,16153,16154,16730,16731,NO,actualizado
"-Ñ-H909","Tintilla Madera 1000Cc Caramelo",11538.4,11538,14999,15000,15576,15577,16153,16154,16730,16731,NO,actualizado
"-Ñ-H908","Tintilla Madera 1000Cc Wengue",11538.4,11538,14999,15000,15576,15577,16153,16154,16730,16731,NO,actualizado
"-Ñ-H907","Tintilla Madera 1000Cc Caoba",11538.4,11538,14999,15000,15576,15577,16153,16154,16730,16731,NO,actualizado
"-Ñ-H400","Tintilla Madera 1000Cc Negro",11538.4,11538,14999,15000,15576,15577,16153,16154,16730,16731,NO,actualizado
"-Ñ-H207","Tintilla Madera 1000Cc Vinotinto",11538.4,11538,14999,15000,15576,15577,16153,16154,16730,16731,NO,actualizado
"-Ñ-H200","Tintilla Madera 1000Cc Rojo",11538.4,11538,14999,15000,15576,15577,16153,16154,16730,16731,NO,actualizado
"-Ñ-H011","Tintilla Madera 1000Cc Miel",11538.4,11538,14999,15000,15576,15577,16153,16154,16730,16731,NO,actualizado
"-Ñ-H01","Tintilla Madera 1000Cc Amarilla",11538.4,11538,14999,15000,15576,15577,16153,16154,16730,16731,NO,actualizado
"-Ñ-G909","Tintilla Madera Galón Caramelo",40000,40000,52000,52000,54000,54000,56000,56000,58000,58000,NO,sin_cambio_base
"-Ñ-G908","Tintilla Madera Galón Wengue",40000,40000,52000,52000,54000,54000,56000,56000,58000,58000,NO,sin_cambio_base
"-Ñ-G907","Tintilla Madera Galón Caoba",40000,40000,52000,52000,54000,54000,56000,56000,58000,58000,NO,sin_cambio_base
"-Ñ-G400","Tintilla Madera Galón Negro",40000,40000,52000,52000,54000,54000,56000,56000,58000,58000,NO,sin_cambio_base
"-Ñ-G207","Tintilla Madera Galón Vinotinto",40000,40000,52000,52000,54000,54000,56000,56000,58000,58000,NO,sin_cambio_base
"-Ñ-G200","Tintilla Madera Galón Rojo",40000,40000,52000,52000,54000,54000,56000,56000,58000,58000,NO,sin_cambio_base
"-Ñ-G011","Tintilla Madera Galón Miel",40000,40000,52000,52000,54000,54000,56000,56000,58000,58000,NO,sin_cambio_base
"-Ñ-G01","Tintilla Madera Galón Amarilla",40000,40000,52000,52000,54000,54000,56000,56000,58000,58000,NO,sin_cambio_base
"-Z-I","Disolvente Trafico 1/2 Botella",3076.8,3077,4000,4000,4154,4154,4308,4308,4462,4461,NO,actualizado
"-Z-G5","Disolvente Trafico 5 Galones",123076.8,123077,160000,160000,166154,166154,172308,172308,178462,178461,NO,actualizado
"-Z-G","Disolvente Trafico Galón",23076.8,23077,30000,30000,31154,31154,32308,32308,33462,33461,NO,actualizado
"-Z-F","Disolvente Trafico Kilo",6000,6000,7800,7800,8100,8100,8400,8400,8700,8700,NO,sin_cambio_base
"-Z-E","Disolvente Trafico  Botella",5538.4,5538,7199,7200,7476,7477,7753,7754,8030,8031,NO,actualizado
"-YX902","Laca Nitro Mezcla 1/4 Champaña",15000,15000,19500,19500,20250,20250,21000,21000,21750,21750,NO,sin_cambio_base
"-YX700","Laca Nitro Mezcla 1/4 Naranja",15600,15600,20280,20280,21060,21060,21840,21840,22620,22620,NO,sin_cambio_base
"-YX400","Laca Nitro 1/4 Negro",13335,13335,17336,17336,18002,18002,18669,18669,19336,19336,NO,sin_cambio_base
"-YX300","Laca Nitro 1/4 Blanco",30400,30400,39520,39520,41040,41040,42560,42560,44080,44080,NO,sin_cambio_base
"-YX200","Laca Nitro 1/4 Rojo",14200,14200,18460,18460,19170,19170,19880,19880,20590,20590,NO,sin_cambio_base
"-YG300","Laca Nitro Galón Blanco",4699.2,4699,6109,6109,6344,6344,6579,6579,6814,6814,NO,actualizado
"-YG100","Laca Nitro Mezcla Galón Azul",1166.8,1167,1517,1517,1575,1575,1634,1634,1692,1692,NO,actualizado
"-YG","Laca Catalizada Galón Brillante + Catalizador 200 C.C",24370,24370,31681,31681,32900,32900,34118,34118,35337,35337,NO,sin_cambio_base
"-X-X300","Vinilo Acrilico 1/4 Blanco",12185,12185,15841,15841,16450,16450,17059,17059,17668,17668,NO,sin_cambio_base
"-X-T300","Vinilo Aaa Acrilico  Exterior Tambor Blanco",42500,42500,55250,55250,57375,57375,59500,59500,61625,61625,NO,sin_cambio_base
"-X-J502","Vinilo Elastico Acrilico  1/2 Galón Gris Basalto",21450,21450,27885,27885,28958,28958,30030,30030,31103,31103,NO,sin_cambio_base
"-X-G705","Vinilo Aaa Acrilico Exterior Galón Curuba",50400,50400,65520,65520,68040,68040,70560,70560,73080,73080,NO,sin_cambio_base
"-X-G609","Vinilo Aaa Acrilico Exterior Galón Verde Seda",50400,50400,65520,65520,68040,68040,70560,70560,73080,73080,NO,sin_cambio_base
"-X-G400","Vinilo Aaa Acrilico Exterior Galón Negro",50400,50400,65520,65520,68040,68040,70560,70560,73080,73080,NO,sin_cambio_base
"-X-G300","Vinilo Aaa Acrilico Exterior Galón Blanco",50400,50400,65520,65520,68040,68040,70560,70560,73080,73080,NO,sin_cambio_base
"-X-G106","Vinilo Aaa Acrilico Exterior Galón Azul Cielo",50400,50400,65520,65520,68040,68040,70560,70560,73080,73080,NO,sin_cambio_base
"-X-G102","Vinilo Aaa Acrilico Exterior Galón Azul Pacifico",50400,50400,65520,65520,68040,68040,70560,70560,73080,73080,NO,sin_cambio_base
"-X-G01","Vinilo Aaa Acrilico Exterior Galón Amarillo",50400,50400,65520,65520,68040,68040,70560,70560,73080,73080,NO,sin_cambio_base
"-X-C700","Vinilo Aaa Acrilico Exterior Cuñete Naranja",243180,243180,316134,316134,328293,328293,340452,340452,352611,352611,NO,sin_cambio_base
"-X-C613","Vinilo Aaa Acrilico Exterior Cuñete Ocre",243180,243180,316134,316134,328293,328293,340452,340452,352611,352611,NO,sin_cambio_base
"-X-C502","Vinilo Aaa Acrilico Exterior Cuñete Gris Basalto",243180,243180,316134,316134,328293,328293,340452,340452,352611,352611,NO,sin_cambio_base
"-X-C501","Vinilo Aaa Acrilico Exterior Cuñete Gris Nube",243180,243180,316134,316134,328293,328293,340452,340452,352611,352611,NO,sin_cambio_base
"-X-C400","Vinilo Aaa Acrilico Exterior Cuñete Negro",243180,243180,316134,316134,328293,328293,340452,340452,352611,352611,NO,sin_cambio_base
"-X-C301","Vinilo Aaa Acrilico Exterior Cuñete Blanco Almendra",243180,243180,316134,316134,328293,328293,340452,340452,352611,352611,NO,sin_cambio_base
"-X-C300","Vinilo Aaa Acrilico Exterior Cuñete Blanco",243180,243180,316134,316134,328293,328293,340452,340452,352611,352611,NO,sin_cambio_base
"-X-C106","Vinilo Aaa Acrilico Exterior Cuñete Azul Cielo",243180,243180,316134,316134,328293,328293,340452,340452,352611,352611,NO,sin_cambio_base
"-X-C103","Vinilo Aaa Acrilico Exterior Cuñete Azul Nordico",243180,243180,316134,316134,328293,328293,340452,340452,352611,352611,NO,sin_cambio_base
"-X-C102","Vinilo Aaa Acrilico Exterior Cuñete Azul Pacifico",243180,243180,316134,316134,328293,328293,340452,340452,352611,352611,NO,sin_cambio_base
"-X-B400","Vinilo Aaa Acrilico Exterior 1/2 Cuñete Negro",124950,124950,162435,162435,168683,168683,174930,174930,181178,181178,NO,sin_cambio_base
"-X-B300","Vinilo Aaa Acrilico Exterior 1/2 Cuñete Blanco",124950,124950,162435,162435,168683,168683,174930,174930,181178,181178,NO,sin_cambio_base
"-WG43","Sellador Catalizado 40%",1,1,1,1,1,1,1,1,1,1,NO,sin_cambio_base
"-WG40","Sellador Nitro Galón 40%",35,35,46,46,47,47,49,49,51,51,NO,sin_cambio_base
"-WG30","Sellador Lijable 30%",26050,26050,33865,33865,35168,35168,36470,36470,37773,37773,NO,sin_cambio_base
"-V-G300","Anticorrosivo Alto Desempeño Galón Blanco",33846,33846,44000,44000,45692,45692,47384,47384,49077,49077,NO,sin_cambio_base
"-V-C300","Anticorrosivo Alto Desempeño Cuñete Blanco",187650,187650,243945,243945,253328,253328,262710,262710,272093,272093,NO,sin_cambio_base
"-U-V","Adhesivo Carpintero 250 Gr",2692.4,2692,3500,3500,3634,3635,3769,3769,3903,3904,NO,actualizado
"-U-U","Adhesivo Carpintero 500 Gr",5384.8,5385,7001,7000,7270,7269,7539,7539,7808,7808,NO,actualizado
"-U-G","Adhesivo Carpintero Galón",24615.2,24615,32000,32000,33230,33231,34461,34461,35692,35692,NO,actualizado
"-U-C","Adhesivo Carpintero Cuñete",116923.2,116923,152000,152000,157846,157846,163692,163692,169538,169539,NO,actualizado
"-R-G5","Hidrofugante Para Fachadas 5 Galones",253846,253846,330000,330000,342692,342692,355384,355384,368077,368077,NO,sin_cambio_base
"-R-G","Hidrofugante Para Fachadas Galón",53846,53846,70000,70000,72692,72692,75384,75384,78077,78077,NO,sin_cambio_base
"-R-C","Enargrietas Cuñete",109244,109244,142017,142017,147479,147479,152942,152942,158404,158404,NO,sin_cambio_base
"-Q-X400","Esmlate Base Agua 1/4 Negro",17174,17174,22326,22326,23185,23185,24044,24044,24902,24902,NO,sin_cambio_base
"-Q-X300","Esmalte Base Agua 1/4 Blanco",17174,17174,22326,22326,23185,23185,24044,24044,24902,24902,NO,sin_cambio_base
"-Q-G502","Esmalte Base Agua Galón Gris Basalto",50420,50420,65546,65546,68067,68067,70588,70588,73109,73109,NO,sin_cambio_base
"-Q-G500","Esmalte Base Agua Galón Gris",50420,50420,65546,65546,68067,68067,70588,70588,73109,73109,NO,sin_cambio_base
"-Q-G400","Esmlate Base Agua Galón Negro",50420,50420,65546,65546,68067,68067,70588,70588,73109,73109,NO,sin_cambio_base
"-Q-G300","Esmalte Base Agua Galón Blanco",50420,50420,65546,65546,68067,68067,70588,70588,73109,73109,NO,sin_cambio_base
"-Q-C500","Esmalte Base Agua Cuñete Gris",219780,219780,285714,285714,296703,296703,307692,307692,318681,318681,NO,sin_cambio_base
"-Q-C400","Esmalte Base Agua Cuñete Negro",219780,219780,285714,285714,296703,296703,307692,307692,318681,318681,NO,sin_cambio_base
"-Q-C300","Esmalte Base Agua Cuñete Blanco",219780,219780,285714,285714,296703,296703,307692,307692,318681,318681,NO,sin_cambio_base
"-Q-C06","Esmalte Base Agua Cuñete Ocre",219780,219780,285714,285714,296703,296703,307692,307692,318681,318681,NO,sin_cambio_base
"-P-X600","Pintura Epoxica Primer 1/4 Verde Incluye Catalizador",54218.79,54219,70485,70484,73196,73195,75907,75906,78618,78617,NO,actualizado
"-P-X100","Pintura Epoxica Primer 1/4 Azul Incluye Catalizador",54218.79,54219,70485,70484,73196,73195,75907,75906,78618,78617,NO,actualizado
"-P-X01","Pintura Epoxica Primer 1/4 Amarillo Incluye Catalizador",54218.79,54219,70485,70484,73196,73195,75907,75906,78618,78617,NO,actualizado
"-P-G600","Pintura Epoxica Primer Galón Verde",70769.2,70769,92000,92000,95538,95538,99077,99077,102615,102615,NO,actualizado
"-P-G501","Pintura Epoxica Primer Galón Gris Nube",70769.2,70769,92000,92000,95538,95538,99077,99077,102615,102615,NO,actualizado
"-P-G500","Pintura Epoxica Primer Galón Gris",70769.2,70769,92000,92000,95538,95538,99077,99077,102615,102615,NO,actualizado
"-P-G400","Pintura Epoxica Primer Galón Negro",76923.2,76923,100000,100000,103846,103846,107692,107692,111538,111539,NO,actualizado
"-P-G300","Pintura Epoxica Primer Galón Blanco",70769.2,70769,92000,92000,95538,95538,99077,99077,102615,102615,NO,actualizado
"-P-G201","Pintura Epoxica Primer Galón Rojo Colonial",70769.2,70769,92000,92000,95538,95538,99077,99077,102615,102615,NO,actualizado
"-P-G200","Pintura Epoxica Primer Galón Rojo",76923.2,76923,100000,100000,103846,103846,107692,107692,111538,111539,NO,actualizado
"-P-G100","Pintura Epoxica Primer Galón Azul",70769.2,70769,92000,92000,95538,95538,99077,99077,102615,102615,NO,actualizado
"-P-G06","Pintura Epoxica Primer Galón Ocre",76923.2,76923,100000,100000,103846,103846,107692,107692,111538,111539,NO,actualizado
"-P-G01","Pintura Epoxica Primer Galón Amarillo",76923.2,76923,100000,100000,103846,103846,107692,107692,111538,111539,NO,actualizado
"-P-C500","Pintura Epoxica Primer Cuñete Azul Claro",654242.6,654243,850516,850515,883228,883228,915940,915940,948652,948652,NO,actualizado
"-O-T300","Vinilo Tipo 2 Obra Tambor Blanco",1300000,1300000,1690000,1690000,1755000,1755000,1820000,1820000,1885000,1885000,NO,sin_cambio_base
"-O-G600","Pintura Epoxica Acabado Galón Verde",83846,83846,109000,109000,113192,113192,117384,117384,121577,121577,NO,sin_cambio_base
"-O-G500","Pintura Epoxica Acabado Galón Gris",83846,83846,109000,109000,113192,113192,117384,117384,121577,121577,NO,sin_cambio_base
"-O-G400","Pintura Epoxica Acabado Galón Negro",91538.4,91538,118999,119000,123576,123577,128153,128154,132730,132731,NO,actualizado
"-O-G300","Pintura Epoxica Acabado Galón Blanco",83846,83846,109000,109000,113192,113192,117384,117384,121577,121577,NO,sin_cambio_base
"-O-G201","Vinilo Tipo 2 Obra Galón Rojo Colonial",24750,24750,32175,32175,33413,33413,34650,34650,35888,35888,NO,sin_cambio_base
"-O-G200","Pintura Epoxica Acabado Galón Rojo",91538.4,91538,118999,119000,123576,123577,128153,128154,132730,132731,NO,actualizado
"-O-G100","Pintura Epoxica Acabado Galón Azul",83846,83846,109000,109000,113192,113192,117384,117384,121577,121577,NO,sin_cambio_base
"-O-G07","Vinilo Tipo 2 Obra Galón Trigo",24750,24750,32175,32175,33413,33413,34650,34650,35888,35888,NO,sin_cambio_base
"-O-G01","Pintura Epoxica Acabado Galón Amarillo",91538.4,91538,118999,119000,123576,123577,128153,128154,132730,132731,NO,actualizado
"-O-G","Vinilo Tipo 2 Obra Galón Blanco",24750,24750,32175,32175,33413,33413,34650,34650,35888,35888,NO,sin_cambio_base
"-O-C506","Vinilo Tipo 2 Obra Cuñete Gris Sevilla",108333,108333,140833,140833,146250,146250,151666,151666,157083,157083,NO,sin_cambio_base
"-O-C501","Vinilo Tipo 2 Obra Cuñete Gris Nube",108333,108333,140833,140833,146250,146250,151666,151666,157083,157083,NO,sin_cambio_base
"-O-C304","Vinilo Tipo 2 Obra Cuñete Crema",108333,108333,140833,140833,146250,146250,151666,151666,157083,157083,NO,sin_cambio_base
"-O-C301","Vinilo Tipo 2 Obra Cuñete Blanco Almendra",108333,108333,140833,140833,146250,146250,151666,151666,157083,157083,NO,sin_cambio_base
"-O-C300","Vinilo Tipo 2 Obra Cuñete Blanco",108333,108333,140833,140833,146250,146250,151666,151666,157083,157083,NO,sin_cambio_base
"-O-B304","Vinilo Tipo 2 Obra 1/2 Cuñete Crema",60833,60833,79083,79083,82125,82125,85166,85166,88208,88208,NO,sin_cambio_base
"-O-B300","Vinilo Tipo 2 Obra 1/2 Cuñete Blanco",60833,60833,79083,79083,82125,82125,85166,85166,88208,88208,NO,sin_cambio_base
"-N-G","Disolvente Epoxico Galón",24615.2,24615,32000,32000,33230,33231,34461,34461,35692,35692,NO,actualizado
"-N-E","Disolvente Epoxico Botella",5384.8,5385,7001,7000,7270,7269,7539,7539,7808,7808,NO,actualizado
"-M-X","Masilla Enar Grietas Relleno 1/4",14005.2,14005,18207,18207,18907,18907,19607,19607,20307,20308,NO,actualizado
"-M-G","Masilla Enar Grietas Relleno Galón",42018.4,42018,54623,54624,56724,56725,58825,58826,60926,60927,NO,actualizado
"-M-C","Masilla Enar Grietas Relleno Cuñete",105040,105040,136552,136552,141804,141804,147056,147056,152308,152308,NO,sin_cambio_base
"-L-X","Masilla Enar Grietas Terminado 1/4",17182,17182,22337,22337,23196,23196,24055,24055,24914,24914,NO,sin_cambio_base
"-L-G","Masilla Enar Grietas Terminado Galón",51547.6,51548,67012,67012,69590,69589,72167,72167,74745,74744,NO,actualizado
"-L-C","Masilla Enar Grietas Terminado Cuñete",128863,128863,167522,167522,173965,173965,180408,180408,186851,186851,NO,sin_cambio_base
"-K-G","Disolvente Poliuretano Galón",24615.2,24615,32000,32000,33230,33231,34461,34461,35692,35692,NO,actualizado
"-K-E","Disolvente Poliuretano Botella",5846,5846,7600,7600,7892,7892,8184,8184,8477,8477,NO,sin_cambio_base
"-JBG","Barniz Poliuretano Galón (+ Catalizador)",142744,142744,185567,185567,192704,192704,199842,199842,206979,206979,NO,sin_cambio_base
"-JAG","Poliuretano Anti-Graffiti Barniz Galón (+ Catalizador)",142744,142744,185567,185567,192704,192704,199842,199842,206979,206979,NO,sin_cambio_base
"-J-G400","Poliuretano Galón Negro(+ Catalizador)",142744,142744,185567,185567,192704,192704,199842,199842,206979,206979,NO,sin_cambio_base
"-J-G300","Poliuretano Galón Blanco (+ Catalizador)",142744,142744,185567,185567,192704,192704,199842,199842,206979,206979,NO,sin_cambio_base
"-I-G","Impermeabilizante Anti-Grietas Enar Galón",25210,25210,32773,32773,34034,34034,35294,35294,36555,36555,NO,sin_cambio_base
"-H-T503","Esmalte Doble Proposito Tambor Gris 90-02",2608179.36,2608179,3390633,3390633,3521042,3521042,3651451,3651451,3781860,3781860,NO,actualizado
"-H-T300","Vinilo Tipo Iii Primer Tambor",830000,830000,1079000,1079000,1120500,1120500,1162000,1162000,1203500,1203500,NO,sin_cambio_base
"-H-G503","Esmalte Doble Proposito Galón Gris 90-02",47692.4,47692,62000,62000,64384,64385,66769,66769,69153,69154,NO,actualizado
"-H-G400","Esmalte Doble Proposito Galón Negro",47692.4,47692,62000,62000,64384,64385,66769,66769,69153,69154,NO,actualizado
"-H-G300","Esmalte Doble Proposito Galón  Blanco",47692.4,47692,62000,62000,64384,64385,66769,66769,69153,69154,NO,actualizado
"-H-C503","Esmalte Doble Proposito Cuñete Gris 90-02",215384.8,215385,280001,280000,290770,290769,301539,301539,312308,312308,NO,actualizado
"-H-C400","Esmalte Doble Proposito Cuñete Negro",215384.8,215385,280001,280000,290770,290769,301539,301539,312308,312308,NO,actualizado
"-H-C300","Esmalte Doble Proposito Cuñete Blanco",215384.8,215385,280001,280000,290770,290769,301539,301539,312308,312308,NO,actualizado
"-H-C01","Esmalte Doble Proposito Cuñete Amarillo",215384.8,215385,280001,280000,290770,290769,301539,301539,312308,312308,NO,actualizado
"-H-B300","Vinilo Tipo Iii Primer 1/2 Cuñete Blanco",40417,40417,52542,52542,54563,54563,56584,56584,58605,58605,NO,sin_cambio_base
"-G-X300","Vinilo Tipo 2 Superior 1/4 Blanco",7500,7500,9750,9750,10125,10125,10500,10500,10875,10875,NO,sin_cambio_base
"-G-G610","Vinilo Tipo Ii Superior Galón  Verde Manzana",30833,30833,40083,40083,41625,41625,43166,43166,44708,44708,NO,sin_cambio_base
"-G-G609","Vinilo Tipo Ii Superior Galón  Verde Seda",30833,30833,40083,40083,41625,41625,43166,43166,44708,44708,NO,sin_cambio_base
"-G-G606","Vinilo Tipo Ii Superior Galón  Verde Cariñoso",30833,30833,40083,40083,41625,41625,43166,43166,44708,44708,NO,sin_cambio_base
"-G-G502","Vinilo Tipo Ii Superior Galón  Gris Basalto",30833,30833,40083,40083,41625,41625,43166,43166,44708,44708,NO,sin_cambio_base
"-G-G303","Vinilo Tipo Ii Superior Galón  Blanco Hueso",30833,30833,40083,40083,41625,41625,43166,43166,44708,44708,NO,sin_cambio_base
"-G-G301","Vinilo Tipo Ii Superior Galón  Blanco Almendra",30833,30833,40083,40083,41625,41625,43166,43166,44708,44708,NO,sin_cambio_base
"-G-G300","Vinilo Tipo Ii Superior Galón Blanco",30833,30833,40083,40083,41625,41625,43166,43166,44708,44708,NO,sin_cambio_base
"-G-G204","Vinilo Tipo Ii Superior Galón  Terracota",30833,30833,40083,40083,41625,41625,43166,43166,44708,44708,NO,sin_cambio_base
"-G-G106","Vinilo Tipo Ii Superior Galón  Azul Cielo",30833,30833,40083,40083,41625,41625,43166,43166,44708,44708,NO,sin_cambio_base
"-G-G104","Vinilo Tipo Ii Superior Galón  Azul Celeste",30833,30833,40083,40083,41625,41625,43166,43166,44708,44708,NO,sin_cambio_base
"-G-F","Vinilo Tipo 2 Superior Kilo",866666.8,866667,1126667,1126667,1170000,1170000,1213334,1213334,1256667,1256667,NO,actualizado
"-G-C903","Vinilo Tipo Ii Superior Cuñete  Cipres",130849,130849,170104,170104,176646,176646,183189,183189,189731,189731,NO,sin_cambio_base
"-G-C702","Vinilo Tipo Ii Superior  Cuñete Naranja Chic",130849,130849,170104,170104,176646,176646,183189,183189,189731,189731,NO,sin_cambio_base
"-G-C303","Vinilo Tipo Ii Superior Cuñete  Blanco Hueso",130849,130849,170104,170104,176646,176646,183189,183189,189731,189731,NO,sin_cambio_base
"-G-C301","Vinilo Tipo Ii Superior Cuñete  Blanco Almendra",130849,130849,170104,170104,176646,176646,183189,183189,189731,189731,NO,sin_cambio_base
"-G-C300","Vinilo Tipo Ii Superior Cuñete  Blanco",130849,130849,170104,170104,176646,176646,183189,183189,189731,189731,NO,sin_cambio_base
"-G-C05","Vinilo Tipo Ii Superior Cuñete  Camelia",130849,130849,170104,170104,176646,176646,183189,183189,189731,189731,NO,sin_cambio_base
"-G-C01","Vinilo Tipo Ii Superior Cuñete  Amarillo",130849,130849,170104,170104,176646,176646,183189,183189,189731,189731,NO,sin_cambio_base
"-G-B903","Vinilo Tipo Ii Superior 1/2 Cuñete Cipres",73750,73750,95875,95875,99563,99563,103250,103250,106938,106938,NO,sin_cambio_base
"-G-B707","Vinilo Tipo Ii Superior  1/2 Cuñete Pomarosa",73750,73750,95875,95875,99563,99563,103250,103250,106938,106938,NO,sin_cambio_base
"-G-B301","Vinilo Tipo Ii Superior  1/2 Cuñete Blanco Almendra",73750,73750,95875,95875,99563,99563,103250,103250,106938,106938,NO,sin_cambio_base
"-G-B300","Vinilo Tipo Ii Superior  1/2 Cuñete Blanco",73750,73750,95875,95875,99563,99563,103250,103250,106938,106938,NO,sin_cambio_base
"-G-B106","Vinilo Tipo Ii Superior  1/2 Cuñete Azul Cielo",73750,73750,95875,95875,99563,99563,103250,103250,106938,106938,NO,sin_cambio_base
"-G-B104","Vinilo Tipo Ii Superior  1/2 Cuñete Azul Celeste",73750,73750,95875,95875,99563,99563,103250,103250,106938,106938,NO,sin_cambio_base
"-G-B05","Vinilo Tipo Ii Superior  1/2 Cuñete Camelia",73750,73750,95875,95875,99563,99563,103250,103250,106938,106938,NO,sin_cambio_base
"-F-X300","Vinilo Tipo 1 Super Lavable 1/4 Blanco",9912.7,9913,12887,12887,13383,13382,13878,13878,14374,14373,NO,actualizado
"-F-G802","Vinilo Tipo 1 Super Lavable Galón Lila",39651,39651,51546,51546,53529,53529,55511,55511,57494,57494,NO,sin_cambio_base
"-F-G702","Vinilo Tipo 1 Super Lavable Galón Naranja Chic",39651,39651,51546,51546,53529,53529,55511,55511,57494,57494,NO,sin_cambio_base
"-F-G619","Vinilo Tipo 1 Super Lavable Galón Verde Tropical",39651,39651,51546,51546,53529,53529,55511,55511,57494,57494,NO,sin_cambio_base
"-F-G606","Vinilo Tipo 1 Super Lavable Galón  Verde Cariñoso",39651,39651,51546,51546,53529,53529,55511,55511,57494,57494,NO,sin_cambio_base
"-F-G603","Vinilo Tipo 1 Super Lavable Galón Verde Primaveral",39651,39651,51546,51546,53529,53529,55511,55511,57494,57494,NO,sin_cambio_base
"-F-G508","Vinilo Tipo 1 Super Lavable Galón Gris Cuarzo",39651,39651,51546,51546,53529,53529,55511,55511,57494,57494,NO,sin_cambio_base
"-F-G502","Vinilo Tipo 1 Super Lavable Galón Gris Basalto",39651,39651,51546,51546,53529,53529,55511,55511,57494,57494,NO,sin_cambio_base
"-F-G501","Vinilo Tipo 1 Super Lavable Galón Gris Nube",39651,39651,51546,51546,53529,53529,55511,55511,57494,57494,NO,sin_cambio_base
"-F-G400","Vinilo Tipo 1 Super Lavable Galón Negro",39651,39651,51546,51546,53529,53529,55511,55511,57494,57494,NO,sin_cambio_base
"-F-G303","Vinilo Tipo 1 Super Lavable Galón Blanco Hueso",39651,39651,51546,51546,53529,53529,55511,55511,57494,57494,NO,sin_cambio_base
"-F-G300","Vinilo Tipo 1 Super Lavable Galón Blanco",39651,39651,51546,51546,53529,53529,55511,55511,57494,57494,NO,sin_cambio_base
"-F-G200","Vinilo Tipo 1 Super Lavable Galón Rojo",39651,39651,51546,51546,53529,53529,55511,55511,57494,57494,NO,sin_cambio_base
"-F-G105","Vinilo Tipo 1 Super Lavable Galón Azul Porcelana",39651,39651,51546,51546,53529,53529,55511,55511,57494,57494,NO,sin_cambio_base
"-F-G102","Vinilo Tipo 1 Super Lavable Galón Azul Pacificio",39651,39651,51546,51546,53529,53529,55511,55511,57494,57494,NO,sin_cambio_base
"-F-G101","Vinilo Tipo 1 Super Lavable Galón Azul Milano",39651,39651,51546,51546,53529,53529,55511,55511,57494,57494,NO,sin_cambio_base
"-F-G01","Vinilo Tipo 1 Super Lavable Galón Amarillo",39651,39651,51546,51546,53529,53529,55511,55511,57494,57494,NO,sin_cambio_base
"-F-C900","Vinilo Tipo 1  Super Lavable Cuñete Champaña Tasaca",186360,186360,242268,242268,251586,251586,260904,260904,270222,270222,NO,sin_cambio_base
"-F-C802","Vinilo Tipo 1  Super Lavable Cuñete Lila",186360,186360,242268,242268,251586,251586,260904,260904,270222,270222,NO,sin_cambio_base
"-F-C624","Vinilo Tipo 1  Super Lavable Cuñete Verde Oliva",186360,186360,242268,242268,251586,251586,260904,260904,270222,270222,NO,sin_cambio_base
"-F-C508","Vinilo Tipo 1 Super Lavable Cuñete Gris Cuarzo",186360,186360,242268,242268,251586,251586,260904,260904,270222,270222,NO,sin_cambio_base
"-F-C507","Vinilo Tipo 1 Super Lavable Cuñete Gris Pardo",186360,186360,242268,242268,251586,251586,260904,260904,270222,270222,NO,sin_cambio_base
"-F-C506","Vinilo Tipo 1 Super Lavable Cuñete Gris Sevilla",186360,186360,242268,242268,251586,251586,260904,260904,270222,270222,NO,sin_cambio_base
"-F-C501","Vinilo Tipo 1 Super Lavable Cuñete Gris Nube",186360,186360,242268,242268,251586,251586,260904,260904,270222,270222,NO,sin_cambio_base
"-F-C304","Vinilo Tipo 1  Super Lavable Cuñete Crema",186360,186360,242268,242268,251586,251586,260904,260904,270222,270222,NO,sin_cambio_base
"-F-C303","Vinilo Tipo 1 Super Lavable Cuñete Blanco Hueso",186360,186360,242268,242268,251586,251586,260904,260904,270222,270222,NO,sin_cambio_base
"-F-C301","Vinilo Tipo 1  Super Lavable Cuñete Blanco Almendra",186360,186360,242268,242268,251586,251586,260904,260904,270222,270222,NO,sin_cambio_base
"-F-C300","Vinilo Tipo 1  Super Lavable Cuñete Blanco",186360,186360,242268,242268,251586,251586,260904,260904,270222,270222,NO,sin_cambio_base
"-F-C111","Vinilo Tipo 1  Super Lavable Cuñete Fiesta En El Mar",186360,186360,242268,242268,251586,251586,260904,260904,270222,270222,NO,sin_cambio_base
"-F-C102","Vinilo Tipo 1 Super Lavable Cuñete Azul Pacifico",186360,186360,242268,242268,251586,251586,260904,260904,270222,270222,NO,sin_cambio_base
"-F-C05","Vinilo Tipo 1 Super Lavable Cuñete Camelia",186360,186360,242268,242268,251586,251586,260904,260904,270222,270222,NO,sin_cambio_base
"-F-B801","Vinilo Tipo 1 Super Lavable 1/2 Cuñete Morado",99128,99128,128866,128866,133823,133823,138779,138779,143736,143736,NO,sin_cambio_base
"-F-B707","Vinilo Tipo 1 Super Lavable 1/2 Cuñete Pomarrosa",99128,99128,128866,128866,133823,133823,138779,138779,143736,143736,NO,sin_cambio_base
"-F-B610","Vinilo Tipo 1 Super Lavable 1/2 Cuñete Verde Manzana",99128,99128,128866,128866,133823,133823,138779,138779,143736,143736,NO,sin_cambio_base
"-F-B501","Vinilo Tipo 1 Super Lavable 1/2 Cuñete Gris Nube",99128,99128,128866,128866,133823,133823,138779,138779,143736,143736,NO,sin_cambio_base
"-F-B301","Vinilo Tipo 1 Super Lavable 1/2 Cuñete Blanco Almendra",99128,99128,128866,128866,133823,133823,138779,138779,143736,143736,NO,sin_cambio_base
"-F-B300","Vinilo Tipo 1 Super Lavable 1/2 Cuñete Blanco",99128,99128,128866,128866,133823,133823,138779,138779,143736,143736,NO,sin_cambio_base
"-F-B04","Vinilo Tipo 1 Super Lavable 1/2 Cuñete Amarillo Oro",99128,99128,128866,128866,133823,133823,138779,138779,143736,143736,NO,sin_cambio_base
"-E-X","Estuco Acrilico  1/4",3213,3213,4177,4177,4338,4338,4498,4498,4659,4659,NO,sin_cambio_base
"-E-G","Estuco Acrilico Galón",11538.4,11538,14999,15000,15576,15577,16153,16154,16730,16731,NO,actualizado
"-E-F","Estuco Acrilico  Kilo",1100,1100,1430,1430,1485,1485,1540,1540,1595,1595,NO,sin_cambio_base
"-E-C","Estuco Acrilico Cuñete",49230.8,49231,64000,64000,66462,66462,68923,68923,71385,71385,NO,actualizado
"-E-B400","Estuco Acrilico 1/2 Cuñete Negro",25210,25210,32773,32773,34034,34034,35294,35294,36555,36555,NO,sin_cambio_base
"-E-B","Estuco Acrilico 1/2 Cuñete",20130,20130,26169,26169,27176,27176,28182,28182,29189,29189,NO,sin_cambio_base
"-E-A","Estuco Acrilico Caja",36154,36154,47000,47000,48808,48808,50616,50616,52423,52423,NO,sin_cambio_base
"-C-G","Catalizador Epoxico Galón",53846,53846,70000,70000,72692,72692,75384,75384,78077,78077,NO,sin_cambio_base
"-C-C","Catalizador Epoxico Cuñete",404440.9,404441,525773,525773,545995,545995,566217,566217,586439,586439,NO,actualizado
"-B-G","Brillo Galón",48800,48800,63440,63440,65880,65880,68320,68320,70760,70760,NO,sin_cambio_base
"-A-H","Acido Limpieza De Fachadas 1000Cc",3361.34,3361,4369,4370,4537,4538,4705,4706,4873,4874,NO,actualizado
"-A-G5","Acido Limpieza De Fachadas Garrafa 5 Galones",51260.5,51261,66639,66639,69202,69202,71765,71765,74328,74328,NO,actualizado
"-A-G","Acido Limpieza De Fachadas Galón",11596.63,11597,15076,15076,15656,15655,16236,16235,16816,16815,NO,actualizado
"--KQ","Yeso Bolsa Kilo",2387,2387,3103,3103,3103,3103,3103,3103,3103,3103,SI,sin_cambio_base
"--JP","Alcohol Etilico 96% Garrafa",142800,142800,185640,185640,192780,192780,199920,199920,207060,207060,NO,sin_cambio_base
"--JG","Alcohol Etilico 96% Galón",27400,27400,35620,35620,36990,36990,38360,38360,39730,39730,NO,sin_cambio_base
"--IW","Alcohol Etilíco Al 70 % 120 Ml",1176.4,1176,1529,1529,1588,1588,1646,1647,1705,1706,NO,actualizado
"--IV1","Alcohol Etilíco Al 70 % 250 Ml Valvula Spray",3200,3200,4160,4160,4320,4320,4480,4480,4640,4640,NO,sin_cambio_base
"--IV","Alcohol Etilíco Al 70 % 250 Ml",2000,2000,2600,2600,2700,2700,2800,2800,2900,2900,NO,sin_cambio_base
"--IU","Alcohol Etilíco Al 70 % 500 Ml",3100,3100,4030,4030,4185,4185,4340,4340,4495,4495,NO,sin_cambio_base
"--IP","Alcohol Etilico Al 70 % Garrafa",86000,86000,111800,111800,116100,116100,120400,120400,124700,124700,NO,sin_cambio_base
"--II","Alcohol Etilíco Al 70 % 1/2 Botella 350 Ml",3900,3900,5070,5070,5265,5265,5460,5460,5655,5655,NO,sin_cambio_base
"--IH","Alcohol Etilíco Al 70 % 1000 Ml",4718,4718,6133,6133,6369,6369,6605,6605,6841,6841,NO,sin_cambio_base
"--IG","Alcohol Etilíco Al 70 % Galón 3.780 Ml",18500,18500,24050,24050,24975,24975,25900,25900,26825,26825,NO,sin_cambio_base
"--IE","Alcohol Etilíco Al 70 % Botella 730 Ml",6200,6200,8060,8060,8370,8370,8680,8680,8990,8990,NO,sin_cambio_base
"--HP","Hipoclorito Garrafa",105910,105910,137683,137683,142979,142979,148274,148274,153570,153570,NO,sin_cambio_base
"--GW","Gel Hidroalcohólico 120 Ml",1176,1176,1529,1529,1588,1588,1646,1646,1705,1705,NO,sin_cambio_base
"--GV1","Gel Hidroalcohólico 250 Ml  Valvula",3400,3400,4420,4420,4590,4590,4760,4760,4930,4930,NO,sin_cambio_base
"--GV","Gel Hidroalcohólico 250 Ml Tapa Disc Top",2200,2200,2860,2860,2970,2970,3080,3080,3190,3190,NO,sin_cambio_base
"--GU1","Gel Hidroalcohólico 500 Ml Valvula",5200,5200,6760,6760,7020,7020,7280,7280,7540,7540,NO,sin_cambio_base
"--GU","Gel Hidroalcohólico 500 Ml Tapa Disc Top",4000,4000,5200,5200,5400,5400,5600,5600,5800,5800,NO,sin_cambio_base
"--GP","Gel Hidroalcohólico Garrafa",105000,105000,136500,136500,141750,141750,147000,147000,152250,152250,NO,sin_cambio_base
"--GO","Gel Hidroalcohólico 50 Ml",900,900,1170,1170,1215,1215,1260,1260,1305,1305,NO,sin_cambio_base
"--GH1","Gel Hidroalcohólico 1000 Ml Valvula",5154,5154,6700,6700,6958,6958,7216,7216,7473,7473,NO,sin_cambio_base
"--GH","Gel Hidroalcohólico 1000 Ml Tapa Disc Top",5154,5154,6700,6700,6958,6958,7216,7216,7473,7473,NO,sin_cambio_base
"--GG","Gel Hidroalcohólico Galón",24000,24000,31200,31200,32400,32400,33600,33600,34800,34800,NO,sin_cambio_base
"--FW","Jabon Antibacterial 120 Ml",1176.47,1176,1529,1529,1588,1588,1646,1647,1705,1706,NO,actualizado
"--FH","Jabon Antibacterial 1.000 Ml",3500,3500,4550,4550,4725,4725,4900,4900,5075,5075,NO,sin_cambio_base
"--FG5","Jabon Antibacterial Galón X 5",71428.57,71429,92858,92857,96429,96429,100001,100000,103572,103571,NO,actualizado
"--FG","Jabon Antibacterial Galón",11895,11895,15464,15464,16058,16058,16653,16653,17248,17248,NO,sin_cambio_base
"--BG","Varsol Galón",17000,17000,22100,22100,22950,22950,23800,23800,24650,24650,NO,sin_cambio_base
"VX900","","","","","","","","","","","","",no_encontrado
"VT502","","","","","","","","","","","","",no_encontrado
"VK610","","","","","","","","","","","","",no_encontrado
"VG918","","","","","","","","","","","","",no_encontrado
"VC918","","","","","","","","","","","","",no_encontrado
"VC802REPETIDO","","","","","","","","","","","","",no_encontrado
"VB918","","","","","","","","","","","","",no_encontrado
"UF","","","","","","","","","","","","",no_encontrado
"SDZZ","","","","","","","","","","","","",no_encontrado
"SDZX","","","","","","","","","","","","",no_encontrado
"SDWÑ","","","","","","","","","","","","",no_encontrado
"SDWS","","","","","","","","","","","","",no_encontrado
"SDWR","","","","","","","","","","","","",no_encontrado
"SDWD","","","","","","","","","","","","",no_encontrado
"SDVÑ","","","","","","","","","","","","",no_encontrado
"SDVZ","","","","","","","","","","","","",no_encontrado
"SDVX","","","","","","","","","","","","",no_encontrado
"SDVS","","","","","","","","","","","","",no_encontrado
"SDVR","","","","","","","","","","","","",no_encontrado
"SDVD","","","","","","","","","","","","",no_encontrado
"SDTX","","","","","","","","","","","","",no_encontrado
"SDRX","","","","","","","","","","","","",no_encontrado
"SDNÑ","","","","","","","","","","","","",no_encontrado
"SDNS","","","","","","","","","","","","",no_encontrado
"SDNR","","","","","","","","","","","","",no_encontrado
"SDLÑ","","","","","","","","","","","","",no_encontrado
"SDLX","","","","","","","","","","","","",no_encontrado
"SDLS","","","","","","","","","","","","",no_encontrado
"SDLR","","","","","","","","","","","","",no_encontrado
"SDLD","","","","","","","","","","","","",no_encontrado
"R16","","","","","","","","","","","","",no_encontrado
"NDEX","","","","","","","","","","","","",no_encontrado
"NDCÑ","","","","","","","","","","","","",no_encontrado
"NDCZ","","","","","","","","","","","","",no_encontrado
"NDCX","","","","","","","","","","","","",no_encontrado
"NDCS","","","","","","","","","","","","",no_encontrado
"NDCR","","","","","","","","","","","","",no_encontrado
"NDCD","","","","","","","","","","","","",no_encontrado
"KX303","","","","","","","","","","","","",no_encontrado
"KG303","","","","","","","","","","","","",no_encontrado
"JXS803","","","","","","","","","","","","",no_encontrado
"JX906","","","","","","","","","","","","",no_encontrado
"JG912","","","","","","","","","","","","",no_encontrado
"JG902","","","","","","","","","","","","",no_encontrado
"JC918","","","","","","","","","","","","",no_encontrado
"JC902","","","","","","","","","","","","",no_encontrado
"FT300REPETIDO","","","","","","","","","","","","",no_encontrado
"EF","","","","","","","","","","","","",no_encontrado
"DD-Ñ","","","","","","","","","","","","",no_encontrado
"DD-X","","","","","","","","","","","","",no_encontrado
"DD-S","","","","","","","","","","","","",no_encontrado
"DD-R","","","","","","","","","","","","",no_encontrado
"DD-M","","","","","","","","","","","","",no_encontrado
"COMP16","","","","","","","","","","","","",no_encontrado
"-V-G400","","","","","","","","","","","","",no_encontrado
"-Q-C217","","","","","","","","","","","","",no_encontrado
"-O-T300-INACTIVO","","","","","","","","","","","","",no_encontrado
"-O-G700","","","","","","","","","","","","",no_encontrado
"-O-G304-INACTIVO","","","","","","","","","","","","",no_encontrado
"-O-G300-INACTIVO","","","","","","","","","","","","",no_encontrado
"-O-G201-INACTIVO","","","","","","","","","","","","",no_encontrado
"-O-C506-INACTIVO","","","","","","","","","","","","",no_encontrado
"-O-C501-INACTIVO","","","","","","","","","","","","",no_encontrado
"-O-C304-INACTIVO","","","","","","","","","","","","",no_encontrado
"-O-C300-INACTIVO","","","","","","","","","","","","",no_encontrado
"-O-B304-INACTIVO","","","","","","","","","","","","",no_encontrado
"-O-B300-INACTIVO","","","","","","","","","","","","",no_encontrado
"-H-X300","","","","","","","","","","","","",no_encontrado
"-H-T300-INACTIVO","","","","","","","","","","","","",no_encontrado
"-H-G504","","","","","","","","","","","","",no_encontrado
"-H-G300-INACTIVO","","","","","","","","","","","","",no_encontrado
"-H-G300 INACTIVO","","","","","","","","","","","","",no_encontrado
"-H-C300-INACTIVO","","","","","","","","","","","","",no_encontrado
"-H-C300-INACTIV","","","","","","","","","","","","",no_encontrado
"-H-B300-INACTIVO","","","","","","","","","","","","",no_encontrado
"-G-X300-INACTIVO","","","","","","","","","","","","",no_encontrado
"-G-K","","","","","","","","","","","","",no_encontrado
"-G-G610-INACTIVO","","","","","","","","","","","","",no_encontrado
"-G-G609-INACTIVO","","","","","","","","","","","","",no_encontrado
"-G-G606-INACTIVO","","","","","","","","","","","","",no_encontrado
"-G-G303-INACTIVO","","","","","","","","","","","","",no_encontrado
"-G-G301-INACTIVO","","","","","","","","","","","","",no_encontrado
"-G-G300-INACTIVO","","","","","","","","","","","","",no_encontrado
"-G-G106-INACTIVO","","","","","","","","","","","","",no_encontrado
"-G-G104-INACTIVO","","","","","","","","","","","","",no_encontrado
"-G-C903-INACTIVO","","","","","","","","","","","","",no_encontrado
"-G-C301-INACTIVO","","","","","","","","","","","","",no_encontrado
"-G-C300-INACTIVO","","","","","","","","","","","","",no_encontrado
"-G-C01-INACTIVO","","","","","","","","","","","","",no_encontrado
"-G-B903-INACTIVO","","","","","","","","","","","","",no_encontrado
"-G-B301-INACTIVO","","","","","","","","","","","","",no_encontrado
"-G-B300-INACTIVO","","","","","","","","","","","","",no_encontrado
"-F-X300-INACTIVO","","","","","","","","","","","","",no_encontrado
"-F-G619-INACTIVO","","","","","","","","","","","","",no_encontrado
"-F-G606-INACTIVO","","","","","","","","","","","","",no_encontrado
"-F-G502-INACTIVO","","","","","","","","","","","","",no_encontrado
"-F-G501-INACTIVO","","","","","","","","","","","","",no_encontrado
"-F-G300-INACTIVO","","","","","","","","","","","","",no_encontrado
"-F-G102-INACTIVO","","","","","","","","","","","","",no_encontrado
"-F-G101-INACTIVO","","","","","","","","","","","","",no_encontrado
"-F-C506-INACTIVO","","","","","","","","","","","","",no_encontrado
"-F-C501-INACTIVO","","","","","","","","","","","","",no_encontrado
"-F-C303-INACTIVO","","","","","","","","","","","","",no_encontrado
"-F-C300-INACTIVO","","","","","","","","","","","","",no_encontrado
"-F-C05-INACTIVO","","","","","","","","","","","","",no_encontrado
"-F-B707-INACTIVO","","","","","","","","","","","","",no_encontrado
"-F-B610-INACTIVO","","","","","","","","","","","","",no_encontrado
"-F-B301-INACTIVO","","","","","","","","","","","","",no_encontrado
"-F-B300-INACTIVO","","","","","","","","","","","","",no_encontrado